,STATE/UT,DISTRICT,YEAR,MURDER,ATTEMPT TO MURDER,RAPE,KIDNAPPING & ABDUCTION,DACOITY,ROBBERY,THEFT,HURT/GREVIOUS HURT,cluster,location,latitude,longitude
8210,ANDHRA PRADESH,CYBERABAD,2012,198,113,75,158,14,86,4461,4013,1,"CYBERABAD, ANDHRA PRADESH, INDIA",17.4066219,78.3941677
8215,ANDHRA PRADESH,HYDERABAD CITY,2012,102,166,74,88,12,57,3694,3381,1,"HYDERABAD CITY, ANDHRA PRADESH, INDIA",17.385,78.4867
8272,ASSAM,GUWAHATI CITY,2012,83,6,78,341,14,275,2426,320,1,"GUWAHATI CITY, ASSAM, INDIA",26.1551026,91.78227731
8283,ASSAM,NAGAON,2012,74,86,173,351,39,93,540,828,1,"NAGAON, ASSAM, INDIA",26.30414915,92.71605974
8315,BIHAR,MOTIHARI,2012,124,735,22,233,27,46,553,1468,1,"MOTIHARI, BIHAR, INDIA",26.66951195,84.95741062
8317,BIHAR,MUZAFFARPUR,2012,198,611,34,279,48,73,1469,2219,1,"MUZAFFARPUR, BIHAR, INDIA",26.1486581,85.34001282
8322,BIHAR,PATNA,2012,356,86,49,376,38,119,3114,4157,1,"PATNA, BIHAR, INDIA",25.6093239,85.1235252
8368,GUJARAT,AHMEDABAD COMMR.,2012,90,49,63,229,24,603,3622,1320,1,"AHMEDABAD COMMR., GUJARAT, INDIA",23.0225,72.5714
8502,KARNATAKA,BANGALORE COMMR.,2012,266,454,90,532,37,670,9826,3095,1,"BANGALORE COMMR., KARNATAKA, INDIA",12.9716,77.5946
8565,MADHYA PRADESH,BHOPAL,2012,78,96,143,63,2,200,2605,1361,1,"BHOPAL, MADHYA PRADESH, INDIA",23.2584857,77.401989
8576,MADHYA PRADESH,GWALIOR,2012,96,172,85,83,8,199,2116,776,1,"GWALIOR, MADHYA PRADESH, INDIA",26.2037247,78.1573628
8579,MADHYA PRADESH,INDORE,2012,123,172,173,54,4,275,4370,1064,1,"INDORE, MADHYA PRADESH, INDIA",22.7203616,75.8681996
8612,MAHARASHTRA,AHMEDNAGAR,2012,111,91,61,59,48,262,1374,802,1,"AHMEDNAGAR, MAHARASHTRA, INDIA",19.1627725,74.8580243
8630,MAHARASHTRA,MUMBAI COMMR.,2012,215,170,232,212,29,1131,10851,3939,1,"MUMBAI COMMR., MAHARASHTRA, INDIA",19.076,72.8777
8632,MAHARASHTRA,NAGPUR COMMR.,2012,88,85,57,53,13,491,2339,974,1,"NAGPUR COMMR., MAHARASHTRA, INDIA",21.1458,79.0882
8642,MAHARASHTRA,PUNE COMMR.,2012,110,124,85,109,35,731,4181,1071,1,"PUNE COMMR., MAHARASHTRA, INDIA",18.5204,73.8567
8644,MAHARASHTRA,PUNE RURAL,2012,163,97,92,71,46,258,1819,886,1,"PUNE RURAL, MAHARASHTRA, INDIA",18.5431042,73.82229853
8652,MAHARASHTRA,THANE COMMR.,2012,110,93,107,124,23,757,2435,1378,1,"THANE COMMR., MAHARASHTRA, INDIA",19.2183,72.9781
8653,MAHARASHTRA,THANE RURAL,2012,146,74,63,64,48,389,1291,913,1,"THANE RURAL, MAHARASHTRA, INDIA",19.2403,73.1305
8765,RAJASTHAN,ALWAR,2012,100,88,129,243,8,63,3220,2612,1,"ALWAR, RAJASTHAN, INDIA",27.5,76.5
8813,TAMIL NADU,CHENNAI,2012,180,219,94,87,2,85,2169,1412,1,"CHENNAI, TAMIL NADU, INDIA",13.0836939,80.270186
8862,UTTAR PRADESH,AGRA,2012,152,171,58,321,14,233,3472,377,1,"AGRA, UTTAR PRADESH, INDIA",27.1752554,78.0098161
8863,UTTAR PRADESH,ALIGARH,2012,177,150,64,298,22,121,1350,254,1,"ALIGARH, UTTAR PRADESH, INDIA",27.833333,78.166667
8891,UTTAR PRADESH,GAUTAMBUDH NAGAR,2012,89,103,19,158,7,202,2912,91,1,"GAUTAMBUDH NAGAR, UTTAR PRADESH, INDIA",28.3383,77.6078
8892,UTTAR PRADESH,GHAZIABAD,2012,146,111,31,255,6,106,2707,14,1,"GHAZIABAD, UTTAR PRADESH, INDIA",28.6711527,77.4120356
8904,UTTAR PRADESH,KANPUR NAGAR,2012,151,126,55,318,13,142,1514,289,1,"KANPUR NAGAR, UTTAR PRADESH, INDIA",26.4402119,80.26930513
8910,UTTAR PRADESH,LUCKNOW,2012,141,99,48,315,8,63,2462,91,1,"LUCKNOW, UTTAR PRADESH, INDIA",26.8381,80.9346001
8916,UTTAR PRADESH,MEERUT,2012,202,246,54,287,16,264,2394,22,1,"MEERUT, UTTAR PRADESH, INDIA",29.00065255,77.76822875
8953,WEST BENGAL,24 PARGANAS NORTH,2012,140,108,118,497,34,61,1453,79,1,"24 PARGANAS NORTH, WEST BENGAL, INDIA",22.6437156,88.4404049
8954,WEST BENGAL,24 PARGANAS SOUTH,2012,224,8,244,419,34,35,1279,234,1,"24 PARGANAS SOUTH, WEST BENGAL, INDIA",22.58319535,88.41657418
8968,WEST BENGAL,JALPAIGURI,2012,117,156,163,334,5,36,1461,220,1,"JALPAIGURI, WEST BENGAL, INDIA",26.4733048,88.67886686
8971,WEST BENGAL,KOLKATA,2012,85,154,68,271,8,44,4960,3518,1,"KOLKATA, WEST BENGAL, INDIA",22.5726459,88.3638953
8972,WEST BENGAL,MALDA,2012,118,322,158,290,2,15,413,787,1,"MALDA, WEST BENGAL, INDIA",25.0057449,88.1398483
8973,WEST BENGAL,MURSHIDABAD,2012,174,395,257,579,9,42,961,3254,1,"MURSHIDABAD, WEST BENGAL, INDIA",24.1745993,88.2721335
8974,WEST BENGAL,NADIA,2012,146,357,174,433,29,34,1251,2632,1,"NADIA, WEST BENGAL, INDIA",23.4836184,88.55570832
8998,DELHI UT,EAST,2012,48,53,90,503,4,57,3258,161,1,"EAST, DELHI UT, INDIA",28.6258,77.3037
9004,DELHI UT,NORTH-EAST,2012,49,65,78,510,4,58,2616,242,1,"NORTH-EAST, DELHI UT, INDIA",28.7247,77.2578
9006,DELHI UT,OUTER,2012,96,60,67,572,6,91,2215,224,1,"OUTER, DELHI UT, INDIA",28.6138954,77.2090057
9008,DELHI UT,SOUTH-EAST,2012,46,69,116,538,2,72,2892,252,1,"SOUTH-EAST, DELHI UT, INDIA",28.5485,77.275
9011,DELHI UT,WEST,2012,52,37,79,454,2,52,2352,227,1,"WEST, DELHI UT, INDIA",28.6663,77.068
8212,ANDHRA PRADESH,GUNTAKAL RLY.,2012,7,0,1,1,1,3,268,11,2,"GUNTAKAL RLY., ANDHRA PRADESH, INDIA",15.1692,77.3731
8226,ANDHRA PRADESH,RAJAHMUNDRY,2012,23,25,13,9,0,7,337,734,2,"RAJAHMUNDRY, ANDHRA PRADESH, INDIA",17.0050454,81.7804732
8227,ANDHRA PRADESH,RANGA REDDY,2012,72,27,27,22,5,11,175,600,2,"RANGA REDDY, ANDHRA PRADESH, INDIA",13.1006135,79.1260283
8228,ANDHRA PRADESH,SECUNDERABAD RLY.,2012,4,0,2,0,0,3,787,9,2,"SECUNDERABAD RLY., ANDHRA PRADESH, INDIA",17.4436,78.5003
8229,ANDHRA PRADESH,SRIKAKULAM,2012,35,40,39,18,1,9,179,1511,2,"SRIKAKULAM, ANDHRA PRADESH, INDIA",18.32002205,83.9160772
8230,ANDHRA PRADESH,TIRUPATHI URBAN,2012,37,29,12,25,0,13,630,672,2,"TIRUPATHI URBAN, ANDHRA PRADESH, INDIA",13.6268832,79.38665197
8232,ANDHRA PRADESH,VIJAYAWADA RLY.,2012,7,1,0,3,3,4,597,18,2,"VIJAYAWADA RLY., ANDHRA PRADESH, INDIA",16.5062,80.648
8233,ANDHRA PRADESH,VISAKHA RURAL,2012,67,29,27,22,0,3,224,992,2,"VISAKHA RURAL, ANDHRA PRADESH, INDIA",16.9933958,82.2420387
8237,ANDHRA PRADESH,WARANGAL URBAN,2012,41,17,30,41,2,14,421,1071,2,"WARANGAL URBAN, ANDHRA PRADESH, INDIA",18.0074,79.5884
8240,ARUNACHAL PRADESH,ANJAW,2012,0,0,0,1,0,0,2,3,2,"ANJAW, ARUNACHAL PRADESH, INDIA",28.1114301,96.82699963
8241,ARUNACHAL PRADESH,CHANGLANG,2012,7,6,6,12,2,4,31,42,2,"CHANGLANG, ARUNACHAL PRADESH, INDIA",27.1398402,95.7382485
8242,ARUNACHAL PRADESH,DIBANG VALLEY,2012,4,0,2,5,2,2,16,13,2,"DIBANG VALLEY, ARUNACHAL PRADESH, INDIA",28.0463795,95.6622503
8243,ARUNACHAL PRADESH,K/KUMEY,2012,1,0,2,1,1,0,5,6,2,"K/KUMEY, ARUNACHAL PRADESH, INDIA",28.0437,94.7278
8244,ARUNACHAL PRADESH,KAMENG EAST,2012,9,1,6,2,2,4,9,43,2,"KAMENG EAST, ARUNACHAL PRADESH, INDIA",27.3,93.05
8245,ARUNACHAL PRADESH,KAMENG WEST,2012,6,1,0,3,1,1,14,30,2,"KAMENG WEST, ARUNACHAL PRADESH, INDIA",27.4,92.35
8246,ARUNACHAL PRADESH,LOHIT,2012,11,4,3,12,1,7,38,20,2,"LOHIT, ARUNACHAL PRADESH, INDIA",27.8239052,95.861898
8247,ARUNACHAL PRADESH,PAPUM PARE,2012,4,5,7,20,4,15,102,62,2,"PAPUM PARE, ARUNACHAL PRADESH, INDIA",27.28636665,93.6187716
8248,ARUNACHAL PRADESH,RURAL,2012,6,1,6,4,0,1,11,20,2,"RURAL, ARUNACHAL PRADESH, INDIA",28.7929298,95.8958848
8249,ARUNACHAL PRADESH,SIANG EAST,2012,5,0,6,1,2,6,46,16,2,"SIANG EAST, ARUNACHAL PRADESH, INDIA",28.3,95.15
8250,ARUNACHAL PRADESH,SIANG UPPER,2012,1,1,1,3,1,0,11,7,2,"SIANG UPPER, ARUNACHAL PRADESH, INDIA",28.3,95.15
8251,ARUNACHAL PRADESH,SIANG WEST,2012,4,1,2,4,0,8,38,54,2,"SIANG WEST, ARUNACHAL PRADESH, INDIA",28.4,94.55
8252,ARUNACHAL PRADESH,SUBANSIRI LOWER,2012,4,1,0,4,1,7,12,33,2,"SUBANSIRI LOWER, ARUNACHAL PRADESH, INDIA",27.8,93.6
8253,ARUNACHAL PRADESH,SUBANSIRI UPPER,2012,3,0,4,4,0,4,19,61,2,"SUBANSIRI UPPER, ARUNACHAL PRADESH, INDIA",28.44022055,93.18557022
8254,ARUNACHAL PRADESH,TAWANG,2012,2,0,0,0,0,1,16,2,2,"TAWANG, ARUNACHAL PRADESH, INDIA",27.5879186,91.863733
8255,ARUNACHAL PRADESH,TIRAP,2012,6,7,1,6,3,5,31,25,2,"TIRAP, ARUNACHAL PRADESH, INDIA",27.03016895,95.49791755
8256,ARUNACHAL PRADESH,UPPER DIBANG VALLEY,2012,0,1,0,0,0,0,1,1,2,"UPPER DIBANG VALLEY, ARUNACHAL PRADESH, INDIA",28.8291044,95.95540958
8258,ASSAM,BAKSA,2012,38,7,33,62,5,14,104,66,2,"BAKSA, ASSAM, INDIA",26.6275689,91.33885515
8260,ASSAM,BIEO,2012,0,0,0,0,0,0,0,0,2,"BIEO, ASSAM, INDIA",27.188,95.2144
8261,ASSAM,BONGAIGAON,2012,17,9,50,73,9,5,147,150,2,"BONGAIGAON, ASSAM, INDIA",26.41237695,90.57149765
8262,ASSAM,C.I.D.,2012,1,0,4,2,0,0,5,0,2,"C.I.D., ASSAM, INDIA",26.1667,91.7667
8264,ASSAM,CHIRANG,2012,40,4,24,40,5,6,63,16,2,"CHIRANG, ASSAM, INDIA",26.6464231,90.62415699
8266,ASSAM,DHEMAJI,2012,24,10,74,87,5,15,101,96,2,"DHEMAJI, ASSAM, INDIA",27.4668315,94.51786509
8269,ASSAM,G.R.P.,2012,15,0,3,4,4,16,154,3,2,"G.R.P., ASSAM, INDIA",26.1761,91.7634
8273,ASSAM,HAILAKANDI,2012,24,13,56,96,11,6,149,51,2,"HAILAKANDI, ASSAM, INDIA",24.68845365,92.57381528
8274,ASSAM,HAMREN,2012,9,0,3,16,0,3,36,21,2,"HAMREN, ASSAM, INDIA",25.8452623,92.5746202
8277,ASSAM,KARBI ANGLONG,2012,35,24,28,58,4,5,177,53,2,"KARBI ANGLONG, ASSAM, INDIA",26,93.5
8278,ASSAM,KARIMGANJ,2012,36,22,32,85,15,9,197,106,2,"KARIMGANJ, ASSAM, INDIA",24.8483482,92.33221292
8281,ASSAM,MORIGAON,2012,20,33,58,88,5,13,98,436,2,"MORIGAON, ASSAM, INDIA",26.2551482,92.3290878
8282,ASSAM,N.C.HILLS,2012,15,13,5,23,0,0,35,38,2,"N.C.HILLS, ASSAM, INDIA",25.75,93.5
8284,ASSAM,NALBARI,2012,22,3,34,101,7,25,177,339,2,"NALBARI, ASSAM, INDIA",26.42386165,91.45122755
8285,ASSAM,R.P.O.,2012,2,0,0,8,2,0,4,0,2,"R.P.O., ASSAM, INDIA",26.1573,91.7612
8289,ASSAM,UDALGURI,2012,33,27,23,58,2,9,109,150,2,"UDALGURI, ASSAM, INDIA",26.7503815,92.0977245
8292,BIHAR,ARWAL,2012,20,72,5,26,1,6,60,375,2,"ARWAL, BIHAR, INDIA",25.18077715,84.65920203
8294,BIHAR,BAGAHA,2012,43,0,11,76,2,8,126,43,2,"BAGAHA, BIHAR, INDIA",27.05901115,84.20646375
8298,BIHAR,BHABHUA,2012,48,43,10,45,3,16,238,902,2,"BHABHUA, BIHAR, INDIA",25.75,85.75
8305,BIHAR,JAMALPUR RLY.,2012,8,9,1,2,3,8,186,28,2,"JAMALPUR RLY., BIHAR, INDIA",25.75,85.75
8307,BIHAR,JEHANABAD,2012,46,12,8,47,4,14,160,647,2,"JEHANABAD, BIHAR, INDIA",25.15247135,85.00687849
8309,BIHAR,KATIHAR RLY.,2012,13,1,0,8,3,4,166,34,2,"KATIHAR RLY., BIHAR, INDIA",25.75,85.75
8311,BIHAR,KISHANGANJ,2012,39,0,32,72,8,6,150,227,2,"KISHANGANJ, BIHAR, INDIA",26.1304353,87.94010318
8312,BIHAR,LAKHISARAI,2012,40,86,13,39,7,13,107,290,2,"LAKHISARAI, BIHAR, INDIA",25.1677029,86.05935924
8316,BIHAR,MUNGER,2012,68,32,9,65,8,28,166,415,2,"MUNGER, BIHAR, INDIA",25.22081165,86.51720367
8318,BIHAR,MUZAFFARPUR RLY.,2012,11,0,2,1,3,10,301,0,2,"MUZAFFARPUR RLY., BIHAR, INDIA",25.75,85.75
8320,BIHAR,NAUGACHIA,2012,47,95,2,21,2,8,60,637,2,"NAUGACHIA, BIHAR, INDIA",25.3857731,87.0997616
8323,BIHAR,PATNA RLY.,2012,11,9,2,8,6,9,777,13,2,"PATNA RLY., BIHAR, INDIA",25.75,85.75
8329,BIHAR,SHEIKHPURA,2012,30,88,10,39,6,8,73,426,2,"SHEIKHPURA, BIHAR, INDIA",25.12635425,85.81510621
8330,BIHAR,SHEOHAR,2012,20,6,2,32,5,6,76,329,2,"SHEOHAR, BIHAR, INDIA",26.49436945,85.2728056
8336,CHHATTISGARH,BALOD,2012,15,2,22,7,2,6,75,24,2,"BALOD, CHHATTISGARH, INDIA",20.7277192,81.14469475
8337,CHHATTISGARH,BALODA BAZAR,2012,24,18,45,18,3,26,181,858,2,"BALODA BAZAR, CHHATTISGARH, INDIA",21.57318475,82.29948208
8338,CHHATTISGARH,BALRAMPUR,2012,39,18,64,5,4,7,48,87,2,"BALRAMPUR, CHHATTISGARH, INDIA",23.6282576,83.48109162
8339,CHHATTISGARH,BEMETARA,2012,12,15,24,19,0,8,105,30,2,"BEMETARA, CHHATTISGARH, INDIA",21.6783867,81.44125784
8341,CHHATTISGARH,BIZAPUR,2012,46,58,4,3,7,7,14,10,2,"BIZAPUR, CHHATTISGARH, INDIA",21.5,82
8342,CHHATTISGARH,DANTEWARA,2012,40,12,7,1,3,0,16,16,2,"DANTEWARA, CHHATTISGARH, INDIA",18.9080391,81.3550047
8343,CHHATTISGARH,DHAMTARI,2012,17,7,21,2,0,7,95,51,2,"DHAMTARI, CHHATTISGARH, INDIA",20.7084545,81.5481305
8345,CHHATTISGARH,GARIYABAND,2012,13,13,19,6,2,5,75,267,2,"GARIYABAND, CHHATTISGARH, INDIA",20.52675605,82.19172167
8346,CHHATTISGARH,GRP RAIPUR,2012,3,1,2,7,0,2,196,9,2,"GRP RAIPUR, CHHATTISGARH, INDIA",20.91667,82
8347,CHHATTISGARH,JAGDALPUR,2012,42,22,36,11,0,9,81,455,2,"JAGDALPUR, CHHATTISGARH, INDIA",19.0870758,82.0235715
8348,CHHATTISGARH,JANJGIR,2012,51,16,33,21,2,32,379,1162,2,"JANJGIR, CHHATTISGARH, INDIA",22.0090841,82.578896
8349,CHHATTISGARH,JASHPUR,2012,54,27,80,60,1,10,81,77,2,"JASHPUR, CHHATTISGARH, INDIA",22.770251,83.97080132
8350,CHHATTISGARH,KABIRDHAM,2012,17,20,22,14,0,11,69,564,2,"KABIRDHAM, CHHATTISGARH, INDIA",22.11501055,81.24447647
8351,CHHATTISGARH,KANKER,2012,32,21,23,9,5,5,39,17,2,"KANKER, CHHATTISGARH, INDIA",20.12868925,80.98453
8352,CHHATTISGARH,KONDAGAON,2012,21,8,11,7,0,0,23,126,2,"KONDAGAON, CHHATTISGARH, INDIA",19.5885769,81.6628742
8353,CHHATTISGARH,KORBA,2012,44,9,43,16,1,8,180,692,2,"KORBA, CHHATTISGARH, INDIA",22.3547468,82.7110855
8354,CHHATTISGARH,KORIYA,2012,38,17,42,13,0,8,77,596,2,"KORIYA, CHHATTISGARH, INDIA",23.4316014,82.31383043
8355,CHHATTISGARH,MAHASAMUND,2012,33,9,28,38,1,15,174,98,2,"MAHASAMUND, CHHATTISGARH, INDIA",21.19228455,82.48902633
8356,CHHATTISGARH,MUNGELI,2012,18,4,6,13,0,9,94,31,2,"MUNGELI, CHHATTISGARH, INDIA",22.0661098,81.6874282
8357,CHHATTISGARH,NARAYANPUR,2012,12,20,5,6,11,1,7,26,2,"NARAYANPUR, CHHATTISGARH, INDIA",19.5842032,81.11369855
8360,CHHATTISGARH,RAJNANDGAON,2012,45,29,31,9,1,17,173,71,2,"RAJNANDGAON, CHHATTISGARH, INDIA",21.06844245,80.79707794
8361,CHHATTISGARH,SARGUJA,2012,56,28,73,18,2,13,124,58,2,"SARGUJA, CHHATTISGARH, INDIA",21.5,82
8362,CHHATTISGARH,SUKMA,2012,24,30,1,7,6,3,7,14,2,"SUKMA, CHHATTISGARH, INDIA",18.26654225,81.29252341
8363,CHHATTISGARH,SURAJPUR,2012,59,16,74,15,0,9,83,481,2,"SURAJPUR, CHHATTISGARH, INDIA",23.3577769,82.97612767
8365,GOA,NORTH GOA,2012,28,20,26,15,3,11,563,151,2,"NORTH GOA, GOA, INDIA",15.60444125,74.00172406
8366,GOA,SOUTH GOA,2012,17,15,29,9,3,14,352,115,2,"SOUTH GOA, GOA, INDIA",15.21961365,74.1152813
8369,GUJARAT,AHMEDABAD RURAL,2012,34,33,5,67,15,30,324,518,2,"AHMEDABAD RURAL, GUJARAT, INDIA",23,71.75
8370,GUJARAT,AHWA-DANG,2012,7,0,1,1,1,0,10,14,2,"AHWA-DANG, GUJARAT, INDIA",20.7591213,73.6836611
8371,GUJARAT,AMRELI,2012,18,19,10,80,2,13,149,277,2,"AMRELI, GUJARAT, INDIA",20.866667,70.75
8372,GUJARAT,ANAND,2012,25,24,9,56,3,6,283,316,2,"ANAND, GUJARAT, INDIA",22.5586555,72.9627227
8373,GUJARAT,BHARUCH,2012,42,12,12,28,12,25,302,270,2,"BHARUCH, GUJARAT, INDIA",21.75,73
8374,GUJARAT,BHAVNAGAR,2012,46,23,13,105,2,30,408,592,2,"BHAVNAGAR, GUJARAT, INDIA",21.7718836,72.1416449
8375,GUJARAT,CID CRIME,2012,1,0,1,0,0,0,0,0,2,"CID CRIME, GUJARAT, INDIA",23,71.75
8377,GUJARAT,GANDHINAGAR,2012,23,4,20,29,6,26,376,215,2,"GANDHINAGAR, GUJARAT, INDIA",23.2232877,72.6492267
8378,GUJARAT,HIMATNAGAR,2012,30,6,10,57,5,9,205,171,2,"HIMATNAGAR, GUJARAT, INDIA",23.5971246,72.9588273
8379,GUJARAT,JAMNAGAR,2012,43,40,22,41,10,48,587,482,2,"JAMNAGAR, GUJARAT, INDIA",22.4732415,70.0552102
8380,GUJARAT,JUNAGADH,2012,40,17,15,63,7,18,275,464,2,"JUNAGADH, GUJARAT, INDIA",21.5185589,70.45917212
8381,GUJARAT,KHEDA NORTH,2012,24,8,18,62,10,11,206,280,2,"KHEDA NORTH, GUJARAT, INDIA",23,71.75
8382,GUJARAT,KUTCH (EAST(G)),2012,19,15,17,25,3,18,256,287,2,"KUTCH (EAST(G)), GUJARAT, INDIA",23.58333,70
8383,GUJARAT,KUTCH (WEST-BHUJ),2012,24,5,8,18,2,6,168,185,2,"KUTCH (WEST-BHUJ), GUJARAT, INDIA",23.58333,70
8384,GUJARAT,MEHSANA,2012,31,28,10,59,10,35,545,410,2,"MEHSANA, GUJARAT, INDIA",23.6015557,72.3867981
8385,GUJARAT,NARMADA,2012,17,3,7,6,3,0,39,94,2,"NARMADA, GUJARAT, INDIA",21.8438782,73.5273555
8386,GUJARAT,NAVSARI,2012,19,9,4,15,3,7,224,65,2,"NAVSARI, GUJARAT, INDIA",20.952407,72.9323831
8388,GUJARAT,PANCHMAHAL,2012,54,16,5,74,25,20,231,375,2,"PANCHMAHAL, GUJARAT, INDIA",22.7748893,73.620404
8389,GUJARAT,PATAN,2012,18,15,7,31,11,21,271,369,2,"PATAN, GUJARAT, INDIA",23.77405735,71.68373466
8390,GUJARAT,PORBANDAR,2012,18,8,10,8,1,8,67,68,2,"PORBANDAR, GUJARAT, INDIA",21.6409,69.611
8391,GUJARAT,RAJKOT COMMR.,2012,41,28,11,66,14,43,1013,336,2,"RAJKOT COMMR., GUJARAT, INDIA",23,71.75
8392,GUJARAT,RAJKOT RURAL,2012,48,21,20,62,4,19,275,313,2,"RAJKOT RURAL, GUJARAT, INDIA",23,71.75
8394,GUJARAT,SURAT RURAL,2012,55,16,13,33,14,18,495,135,2,"SURAT RURAL, GUJARAT, INDIA",23,71.75
8395,GUJARAT,SURENDRANAGAR,2012,40,26,19,51,4,18,209,428,2,"SURENDRANAGAR, GUJARAT, INDIA",22.75,71.666667
8396,GUJARAT,TAPI,2012,11,4,5,3,1,4,93,64,2,"TAPI, GUJARAT, INDIA",21.1060413,72.7008247
8397,GUJARAT,VADODARA COMMR.,2012,29,34,11,67,9,112,1333,375,2,"VADODARA COMMR., GUJARAT, INDIA",23,71.75
8398,GUJARAT,VADODARA RURAL,2012,74,6,15,73,11,18,310,296,2,"VADODARA RURAL, GUJARAT, INDIA",23,71.75
8399,GUJARAT,VALSAD,2012,21,14,12,25,4,20,551,189,2,"VALSAD, GUJARAT, INDIA",20.43219565,73.1409893
8400,GUJARAT,W.RLY AHMEDABAD,2012,3,3,1,2,0,8,214,37,2,"W.RLY AHMEDABAD, GUJARAT, INDIA",23.02579,72.58727
8401,GUJARAT,W.RLY VADODARA,2012,5,0,0,3,4,5,390,33,2,"W.RLY VADODARA, GUJARAT, INDIA",22.29941,73.20812
8403,HARYANA,AMBALA RURAL,2012,13,15,11,28,1,6,209,66,2,"AMBALA RURAL, HARYANA, INDIA",29.25,76.33333
8404,HARYANA,AMBALA URBAN,2012,15,16,21,75,0,21,600,109,2,"AMBALA URBAN, HARYANA, INDIA",29.25,76.33333
8407,HARYANA,FATEHABAD,2012,17,23,15,49,2,12,339,115,2,"FATEHABAD, HARYANA, INDIA",29.51238035,75.42917898
8408,HARYANA,GRP,2012,21,6,1,10,2,16,429,12,2,"GRP, HARYANA, INDIA",29.25,76.33333
8411,HARYANA,JHAJJAR,2012,64,50,20,38,10,35,451,82,2,"JHAJJAR, HARYANA, INDIA",28.53364155,76.68981478
8412,HARYANA,JIND,2012,50,36,34,58,7,39,544,140,2,"JIND, HARYANA, INDIA",29.30182625,76.33847077
8413,HARYANA,KAITHAL,2012,31,20,18,38,2,11,337,175,2,"KAITHAL, HARYANA, INDIA",29.82282075,76.37830987
8415,HARYANA,KURUKSHETRA,2012,26,38,25,37,1,6,605,132,2,"KURUKSHETRA, HARYANA, INDIA",29.9693747,76.8482787
8416,HARYANA,MAHENDRAGARH,2012,39,28,14,25,12,22,299,115,2,"MAHENDRAGARH, HARYANA, INDIA",28.25,76.166667
8417,HARYANA,MEWAT,2012,12,52,50,29,26,26,483,69,2,"MEWAT, HARYANA, INDIA",27.993178,77.04073903
8418,HARYANA,PALWAL,2012,43,67,32,54,10,26,588,158,2,"PALWAL, HARYANA, INDIA",28.1769589,77.37311204
8419,HARYANA,PANCHKULA,2012,15,10,18,40,5,18,392,66,2,"PANCHKULA, HARYANA, INDIA",30.7137692,76.868276
8420,HARYANA,PANIPAT,2012,47,28,35,87,8,36,906,155,2,"PANIPAT, HARYANA, INDIA",29.3912753,76.9771675
8421,HARYANA,REWARI,2012,31,40,24,26,24,45,703,123,2,"REWARI, HARYANA, INDIA",28.1956468,76.6165179
8423,HARYANA,SIRSA,2012,27,26,30,90,6,14,483,242,2,"SIRSA, HARYANA, INDIA",29.583333,75.083333
8425,HARYANA,YAMUNANAGAR,2012,24,34,25,83,2,29,437,112,2,"YAMUNANAGAR, HARYANA, INDIA",30.2112003,77.28638972
8427,HIMACHAL PRADESH,BADDIPOLICEDIST,2012,7,4,12,10,1,0,37,171,2,"BADDIPOLICEDIST, HIMACHAL PRADESH, INDIA",31.91667,77.25
8428,HIMACHAL PRADESH,BILASPUR,2012,8,8,12,7,0,1,47,36,2,"BILASPUR, HIMACHAL PRADESH, INDIA",31.3380959,76.7611631
8429,HIMACHAL PRADESH,CHAMBA,2012,7,0,10,14,0,0,22,75,2,"CHAMBA, HIMACHAL PRADESH, INDIA",32.518429,76.23086566
8430,HIMACHAL PRADESH,CID,2012,0,0,0,0,0,0,1,0,2,"CID, HIMACHAL PRADESH, INDIA",31.91667,77.25
8431,HIMACHAL PRADESH,G.R.P.,2012,0,1,0,0,0,0,3,0,2,"G.R.P., HIMACHAL PRADESH, INDIA",31.91667,77.25
8432,HIMACHAL PRADESH,HAMIRPUR,2012,6,5,8,6,0,0,33,155,2,"HAMIRPUR, HIMACHAL PRADESH, INDIA",31.69255285,76.54105736
8433,HIMACHAL PRADESH,KANGRA,2012,24,8,26,52,0,2,127,187,2,"KANGRA, HIMACHAL PRADESH, INDIA",32.166667,76.25
8434,HIMACHAL PRADESH,KINNAUR,2012,2,1,6,2,0,0,10,8,2,"KINNAUR, HIMACHAL PRADESH, INDIA",31.5864184,78.396745
8435,HIMACHAL PRADESH,KULLU,2012,9,3,22,7,0,0,26,33,2,"KULLU, HIMACHAL PRADESH, INDIA",32.00186325,77.3789964
8436,HIMACHAL PRADESH,LAHAUL-SPITI,2012,0,0,2,0,0,0,2,1,2,"LAHAUL-SPITI, HIMACHAL PRADESH, INDIA",32.5038495,77.58227188
8437,HIMACHAL PRADESH,MANDI,2012,15,6,28,19,0,0,100,132,2,"MANDI, HIMACHAL PRADESH, INDIA",31.6723392,76.95331691
8438,HIMACHAL PRADESH,SHIMLA,2012,18,6,23,29,0,3,157,49,2,"SHIMLA, HIMACHAL PRADESH, INDIA",31.1041526,77.1709729
8439,HIMACHAL PRADESH,SIRMAUR,2012,8,4,17,11,0,1,54,34,2,"SIRMAUR, HIMACHAL PRADESH, INDIA",30.75,77.5
8440,HIMACHAL PRADESH,SOLAN,2012,3,5,9,8,0,1,83,220,2,"SOLAN, HIMACHAL PRADESH, INDIA",30.92589585,77.08200509
8441,HIMACHAL PRADESH,UNA,2012,6,2,8,7,0,2,67,72,2,"UNA, HIMACHAL PRADESH, INDIA",31.583333,76.25
8443,JAMMU & KASHMIR,ANANTNAG,2012,1,22,14,96,0,9,86,7,2,"ANANTNAG, JAMMU & KASHMIR, INDIA",33.7368773,75.1455138
8444,JAMMU & KASHMIR,AWANTIPORA,2012,1,2,4,29,0,0,17,0,2,"AWANTIPORA, JAMMU & KASHMIR, INDIA",33.88208445,75.02975291
8445,JAMMU & KASHMIR,BANDIPORA,2012,7,5,6,46,0,3,40,5,2,"BANDIPORA, JAMMU & KASHMIR, INDIA",34.4232433,74.635965
8446,JAMMU & KASHMIR,BARAMULLA,2012,6,27,12,83,0,8,92,7,2,"BARAMULLA, JAMMU & KASHMIR, INDIA",34.20500565,74.36221081
8447,JAMMU & KASHMIR,BUDGAM,2012,3,11,7,77,1,7,167,1,2,"BUDGAM, JAMMU & KASHMIR, INDIA",33.9933661,74.77516251
8448,JAMMU & KASHMIR,CRIME JAMMU,2012,0,0,0,0,0,0,0,0,2,"CRIME JAMMU, JAMMU & KASHMIR, INDIA",34.0714255,74.8032176
8449,JAMMU & KASHMIR,CRIME SRINAGAR,2012,0,0,0,0,0,0,1,0,2,"CRIME SRINAGAR, JAMMU & KASHMIR, INDIA",32.73569,74.86911
8450,JAMMU & KASHMIR,DODA,2012,5,13,16,33,0,1,37,8,2,"DODA, JAMMU & KASHMIR, INDIA",33.1449112,75.5473969
8451,JAMMU & KASHMIR,GANDERBAL,2012,2,8,9,33,1,2,24,6,2,"GANDERBAL, JAMMU & KASHMIR, INDIA",34.1926739,74.76831725
8452,JAMMU & KASHMIR,HANDWARA,2012,6,20,6,35,0,2,46,0,2,"HANDWARA, JAMMU & KASHMIR, INDIA",34.4079188,74.15636815
8453,JAMMU & KASHMIR,JAMMU,2012,13,80,39,100,2,4,448,30,2,"JAMMU, JAMMU & KASHMIR, INDIA",32.7185614,74.8580917
8454,JAMMU & KASHMIR,KARGIL,2012,1,2,1,0,0,0,6,0,2,"KARGIL, JAMMU & KASHMIR, INDIA",32.7045476,74.871206
8455,JAMMU & KASHMIR,KATHUA,2012,6,26,20,40,0,2,78,8,2,"KATHUA, JAMMU & KASHMIR, INDIA",32.4288215,75.56286458
8456,JAMMU & KASHMIR,KISHTWAR,2012,3,11,6,23,0,1,21,0,2,"KISHTWAR, JAMMU & KASHMIR, INDIA",33.2761171,75.81692388
8457,JAMMU & KASHMIR,KULGAM,2012,10,6,15,70,0,4,43,61,2,"KULGAM, JAMMU & KASHMIR, INDIA",33.66980055,75.01480232
8458,JAMMU & KASHMIR,KUPWARA,2012,3,21,15,50,0,3,85,9,2,"KUPWARA, JAMMU & KASHMIR, INDIA",34.6110236,74.23847867
8459,JAMMU & KASHMIR,LEH,2012,2,2,3,1,0,0,5,1,2,"LEH, JAMMU & KASHMIR, INDIA",34.0860836,74.823423
8460,JAMMU & KASHMIR,POONCH,2012,5,32,9,41,0,0,11,56,2,"POONCH, JAMMU & KASHMIR, INDIA",33.7670004,74.0957143
8461,JAMMU & KASHMIR,PULWAMA,2012,3,6,3,25,0,1,35,64,2,"PULWAMA, JAMMU & KASHMIR, INDIA",33.8756947,74.9003129
8462,JAMMU & KASHMIR,RAILWAYS JAMMU,2012,0,2,0,0,0,0,2,0,2,"RAILWAYS JAMMU, JAMMU & KASHMIR, INDIA",32.7067837,74.88064549
8463,JAMMU & KASHMIR,RAILWAYS KASHMIR,2012,0,0,0,1,0,0,8,0,2,"RAILWAYS KASHMIR, JAMMU & KASHMIR, INDIA",32.79028,74.74028
8464,JAMMU & KASHMIR,RAILWAYS KATRA,2012,0,0,0,0,0,0,2,0,2,"RAILWAYS KATRA, JAMMU & KASHMIR, INDIA",32.73569,74.86911
8465,JAMMU & KASHMIR,RAJOURI,2012,9,36,32,58,0,1,59,29,2,"RAJOURI, JAMMU & KASHMIR, INDIA",33.3772495,74.3132332
8466,JAMMU & KASHMIR,RAMBAN,2012,2,10,7,22,0,1,31,0,2,"RAMBAN, JAMMU & KASHMIR, INDIA",33.2116371,75.20509891
8467,JAMMU & KASHMIR,REASI,2012,5,21,12,18,0,1,31,5,2,"REASI, JAMMU & KASHMIR, INDIA",33.06910315,74.83786982
8468,JAMMU & KASHMIR,SAMBA,2012,5,20,8,9,0,0,42,5,2,"SAMBA, JAMMU & KASHMIR, INDIA",32.57591175,75.12034456
8469,JAMMU & KASHMIR,SHOPIAN,2012,2,22,3,47,0,6,93,2,2,"SHOPIAN, JAMMU & KASHMIR, INDIA",33.718807,74.8333311
8470,JAMMU & KASHMIR,SOPORE,2012,6,42,7,34,2,7,170,0,2,"SOPORE, JAMMU & KASHMIR, INDIA",34.3281272,74.47611863
8471,JAMMU & KASHMIR,SRINAGAR,2012,13,45,19,100,0,18,302,16,2,"SRINAGAR, JAMMU & KASHMIR, INDIA",34.0747444,74.8204443
8472,JAMMU & KASHMIR,UDHAMPUR,2012,5,19,30,22,0,0,40,2,2,"UDHAMPUR, JAMMU & KASHMIR, INDIA",33,75.166667
8474,JHARKHAND,BOKARO,2012,61,11,46,63,12,24,642,0,2,"BOKARO, JHARKHAND, INDIA",23.69912795,85.99106894
8476,JHARKHAND,CHATRA,2012,53,20,15,24,12,17,137,25,2,"CHATRA, JHARKHAND, INDIA",24.20162495,84.87817692
8479,JHARKHAND,DHANBAD RLY.,2012,5,0,2,3,5,7,199,0,2,"DHANBAD RLY., JHARKHAND, INDIA",23.75,85.5
8480,JHARKHAND,DUMKA,2012,66,34,29,34,8,4,227,259,2,"DUMKA, JHARKHAND, INDIA",24.2538512,87.30064714
8483,JHARKHAND,GODDA,2012,49,0,22,63,5,7,151,0,2,"GODDA, JHARKHAND, INDIA",24.74334305,87.29285062
8485,JHARKHAND,HAZARIBAGH,2012,68,31,42,53,11,22,202,162,2,"HAZARIBAGH, JHARKHAND, INDIA",23.9675151,85.43884569
8487,JHARKHAND,JAMSHEDPUR RLY.,2012,7,0,1,1,2,3,155,4,2,"JAMSHEDPUR RLY., JHARKHAND, INDIA",23.75,85.5
8488,JHARKHAND,JAMTARA,2012,21,8,27,17,1,4,110,184,2,"JAMTARA, JHARKHAND, INDIA",23.9232867,86.77353494
8489,JHARKHAND,KHUNTI,2012,106,19,8,13,0,8,32,25,2,"KHUNTI, JHARKHAND, INDIA",23.10018105,85.34545936
8490,JHARKHAND,KODERMA,2012,17,55,8,30,7,12,104,195,2,"KODERMA, JHARKHAND, INDIA",24.4931239,85.55608107
8491,JHARKHAND,LATEHAR,2012,46,20,15,28,5,13,99,42,2,"LATEHAR, JHARKHAND, INDIA",23.74186545,84.51301367
8492,JHARKHAND,LOHARDAGGA,2012,36,19,23,22,1,9,52,50,2,"LOHARDAGGA, JHARKHAND, INDIA",23.75,85.5
8493,JHARKHAND,PAKUR,2012,38,10,53,23,8,3,154,278,2,"PAKUR, JHARKHAND, INDIA",24.6379647,87.8558666
8495,JHARKHAND,RAMGARH,2012,27,9,26,28,16,12,264,157,2,"RAMGARH, JHARKHAND, INDIA",23.59877595,85.53691565
8498,JHARKHAND,SARAIKELA,2012,51,22,35,16,5,16,217,113,2,"SARAIKELA, JHARKHAND, INDIA",22.7464225,85.91689291
8499,JHARKHAND,SIMDEGA,2012,66,28,32,20,7,10,63,28,2,"SIMDEGA, JHARKHAND, INDIA",22.6664325,84.55026791
8501,KARNATAKA,BAGALKOT,2012,51,43,11,17,7,18,130,235,2,"BAGALKOT, KARNATAKA, INDIA",16.1853166,75.6967919
8505,KARNATAKA,BELLARY,2012,54,46,18,31,6,44,347,368,2,"BELLARY, KARNATAKA, INDIA",15.1433952,76.9193876
8506,KARNATAKA,BIDAR,2012,38,39,11,30,1,32,173,759,2,"BIDAR, KARNATAKA, INDIA",18.083333,77.333333
8507,KARNATAKA,BIJAPUR,2012,69,64,18,30,5,33,139,460,2,"BIJAPUR, KARNATAKA, INDIA",16.8269911,75.7175387
8508,KARNATAKA,CBPURA,2012,51,44,12,25,3,32,312,441,2,"CBPURA, KARNATAKA, INDIA",14.66667,75.83333
8509,KARNATAKA,CHAMARAJNAGAR,2012,18,34,9,10,6,8,111,436,2,"CHAMARAJNAGAR, KARNATAKA, INDIA",11.806825,76.6912826
8510,KARNATAKA,CHICKMAGALUR,2012,33,28,11,12,8,22,145,568,2,"CHICKMAGALUR, KARNATAKA, INDIA",13.32231,75.774
8511,KARNATAKA,CHITRADURGA,2012,43,38,26,34,3,25,224,799,2,"CHITRADURGA, KARNATAKA, INDIA",14.2266443,76.4005122
8512,KARNATAKA,DAKSHIN KANNADA,2012,23,25,12,10,5,15,82,263,2,"DAKSHIN KANNADA, KARNATAKA, INDIA",12.8827367,75.0309089
8513,KARNATAKA,DAVANAGERE,2012,42,35,17,23,3,50,297,442,2,"DAVANAGERE, KARNATAKA, INDIA",14.4661266,75.9206361
8514,KARNATAKA,DHARWAD COMMR.,2012,18,20,6,54,2,77,290,177,2,"DHARWAD COMMR., KARNATAKA, INDIA",14.66667,75.83333
8515,KARNATAKA,DHARWAD RURAL,2012,27,30,5,13,0,4,56,195,2,"DHARWAD RURAL, KARNATAKA, INDIA",15.47196065,74.98934985
8516,KARNATAKA,GADAG,2012,24,11,6,12,0,5,64,140,2,"GADAG, KARNATAKA, INDIA",15.4322943,75.63522438
8519,KARNATAKA,HAVERI,2012,19,24,12,18,1,10,113,296,2,"HAVERI, KARNATAKA, INDIA",14.7874825,75.3996731
8520,KARNATAKA,K.G.F.,2012,16,22,10,7,1,14,85,259,2,"K.G.F., KARNATAKA, INDIA",14.66667,75.83333
8521,KARNATAKA,KODAGU,2012,29,36,12,5,3,3,97,521,2,"KODAGU, KARNATAKA, INDIA",12.38217745,75.66531992
8522,KARNATAKA,KOLAR,2012,46,58,18,20,4,20,186,361,2,"KOLAR, KARNATAKA, INDIA",13.1367201,78.1337246
8523,KARNATAKA,KOPPAL,2012,24,11,7,27,2,14,100,228,2,"KOPPAL, KARNATAKA, INDIA",15.3484144,76.1547421
8525,KARNATAKA,MANGALORE CITY,2012,28,18,12,16,1,69,233,199,2,"MANGALORE CITY, KARNATAKA, INDIA",12.8847996,74.83861063
8526,KARNATAKA,MYSORE COMMR.,2012,31,35,12,13,3,205,661,232,2,"MYSORE COMMR., KARNATAKA, INDIA",14.66667,75.83333
8528,KARNATAKA,RAICHUR,2012,42,31,19,34,2,10,134,469,2,"RAICHUR, KARNATAKA, INDIA",16.083333,77.166667
8529,KARNATAKA,RAILWAYS,2012,19,1,2,4,1,47,482,10,2,"RAILWAYS, KARNATAKA, INDIA",15.3552989,75.14591205
8533,KARNATAKA,UDUPI,2012,14,18,5,12,5,36,115,285,2,"UDUPI, KARNATAKA, INDIA",13.3419169,74.7473232
8534,KARNATAKA,UTTAR KANNADA,2012,33,23,7,11,0,21,77,361,2,"UTTAR KANNADA, KARNATAKA, INDIA",14.88333,74.58333
8535,KARNATAKA,YADGIRI,2012,26,37,9,22,1,5,66,289,2,"YADGIRI, KARNATAKA, INDIA",16.7469536,77.1327594
8537,KERALA,ALAPUZHA,2012,20,18,44,18,2,16,231,1380,2,"ALAPUZHA, KERALA, INDIA",9.56493435,76.54448149
8538,KERALA,ERNAKULAM COMMR.,2012,9,10,28,6,5,25,308,445,2,"ERNAKULAM COMMR., KERALA, INDIA",10.41667,76.5
8539,KERALA,ERNAKULAM RURAL,2012,21,39,59,10,5,36,270,981,2,"ERNAKULAM RURAL, KERALA, INDIA",10.1000756,76.3574874
8540,KERALA,IDUKKI,2012,22,29,53,10,5,13,149,1230,2,"IDUKKI, KERALA, INDIA",9.8497872,76.9797914
8543,KERALA,KOLLAM COMMR.,2012,21,41,46,21,3,62,212,1002,2,"KOLLAM COMMR., KERALA, INDIA",10.41667,76.5
8544,KERALA,KOLLAM RURAL,2012,30,28,49,14,2,30,159,1409,2,"KOLLAM RURAL, KERALA, INDIA",8.9989381,76.7732344
8546,KERALA,KOZHIKODE COMMR.,2012,7,7,36,5,2,65,142,631,2,"KOZHIKODE COMMR., KERALA, INDIA",10.41667,76.5
8547,KERALA,KOZHIKODE RURAL,2012,9,24,42,16,3,31,181,987,2,"KOZHIKODE RURAL, KERALA, INDIA",11.252788,75.7905332
8550,KERALA,PATHANAMTHITTA,2012,28,24,32,17,1,18,161,1090,2,"PATHANAMTHITTA, KERALA, INDIA",9.2780841,76.9737443
8551,KERALA,RAILWAYS,2012,0,1,0,4,0,3,193,47,2,"RAILWAYS, KERALA, INDIA",9.0515185,76.6087015
8552,KERALA,THRISSUR COMMR.,2012,9,14,35,13,1,28,164,359,2,"THRISSUR COMMR., KERALA, INDIA",10.41667,76.5
8553,KERALA,THRISSUR RURAL,2012,18,49,46,12,6,40,202,784,2,"THRISSUR RURAL, KERALA, INDIA",10.5214758,76.1899913
8554,KERALA,TRIVANDRUM COMMR.,2012,14,12,41,23,4,101,285,1116,2,"TRIVANDRUM COMMR., KERALA, INDIA",10.41667,76.5
8556,KERALA,WAYANADU,2012,10,5,36,12,0,13,52,751,2,"WAYANADU, KERALA, INDIA",10.8942004,75.927851
8558,MADHYA PRADESH,ALIRAJPUR,2012,60,33,22,13,1,16,82,259,2,"ALIRAJPUR, MADHYA PRADESH, INDIA",22.28593955,74.35389643
8559,MADHYA PRADESH,ANUPPUR,2012,35,15,62,8,1,15,108,126,2,"ANUPPUR, MADHYA PRADESH, INDIA",23.03525965,81.38844385
8560,MADHYA PRADESH,ASHOK NAGAR,2012,34,15,50,6,2,11,103,557,2,"ASHOK NAGAR, MADHYA PRADESH, INDIA",24.6185442,77.8788306
8561,MADHYA PRADESH,BALAGHAT,2012,43,22,78,9,0,13,131,248,2,"BALAGHAT, MADHYA PRADESH, INDIA",21.966667,80.333333
8562,MADHYA PRADESH,BARWANI,2012,46,15,50,8,1,13,160,204,2,"BARWANI, MADHYA PRADESH, INDIA",22.0333621,74.8978374
8566,MADHYA PRADESH,BHOPAL RLY.,2012,4,8,4,1,1,25,1117,1,2,"BHOPAL RLY., MADHYA PRADESH, INDIA",23.5,78.5
8567,MADHYA PRADESH,BURHANPUR,2012,11,12,23,6,0,7,90,493,2,"BURHANPUR, MADHYA PRADESH, INDIA",21.3118839,76.2291992
8571,MADHYA PRADESH,DATIYA,2012,51,34,23,28,0,40,131,337,2,"DATIYA, MADHYA PRADESH, INDIA",25.75,78.5
8574,MADHYA PRADESH,DINDORI,2012,32,8,40,6,0,2,38,114,2,"DINDORI, MADHYA PRADESH, INDIA",22.90736865,80.8851143
8577,MADHYA PRADESH,HARDA,2012,14,20,26,12,1,13,124,287,2,"HARDA, MADHYA PRADESH, INDIA",22.3388828,77.0929933
8578,MADHYA PRADESH,HOSHANGABAD,2012,44,32,69,34,0,17,227,423,2,"HOSHANGABAD, MADHYA PRADESH, INDIA",22.6503147,77.7509281
8580,MADHYA PRADESH,INDORE RLY.,2012,3,2,3,3,2,8,327,2,2,"INDORE RLY., MADHYA PRADESH, INDIA",23.5,78.5
8582,MADHYA PRADESH,JABALPUR RLY.,2012,6,1,3,1,0,34,639,6,2,"JABALPUR RLY., MADHYA PRADESH, INDIA",23.5,78.5
8583,MADHYA PRADESH,JHABUA,2012,20,24,62,25,5,27,183,272,2,"JHABUA, MADHYA PRADESH, INDIA",22.88585225,74.72513369
8584,MADHYA PRADESH,KATNI,2012,36,22,58,18,1,24,179,997,2,"KATNI, MADHYA PRADESH, INDIA",23.8339621,80.392456
8585,MADHYA PRADESH,KHANDWA,2012,27,20,66,8,0,10,195,78,2,"KHANDWA, MADHYA PRADESH, INDIA",21.9778642,76.56882823
8586,MADHYA PRADESH,KHARGON,2012,51,38,67,20,1,14,370,101,2,"KHARGON, MADHYA PRADESH, INDIA",21.82526,75.6107
8587,MADHYA PRADESH,MANDLA,2012,25,16,75,8,0,6,64,273,2,"MANDLA, MADHYA PRADESH, INDIA",22.68536625,80.58150562
8588,MADHYA PRADESH,MANDSAUR,2012,37,49,49,34,2,20,300,104,2,"MANDSAUR, MADHYA PRADESH, INDIA",24.2627979,75.38588023
8591,MADHYA PRADESH,NEEMUCH,2012,18,17,25,12,0,22,188,232,2,"NEEMUCH, MADHYA PRADESH, INDIA",24.6301735,75.18310518
8592,MADHYA PRADESH,PANNA,2012,30,19,34,8,0,11,53,160,2,"PANNA, MADHYA PRADESH, INDIA",24.5,80.25
8599,MADHYA PRADESH,SEONI,2012,38,12,65,10,0,7,104,160,2,"SEONI, MADHYA PRADESH, INDIA",22.2758789,79.72104465
8600,MADHYA PRADESH,SHAHDOL,2012,44,13,81,27,2,33,176,176,2,"SHAHDOL, MADHYA PRADESH, INDIA",23.3002343,81.364771
8602,MADHYA PRADESH,SHEOPUR,2012,8,15,17,4,0,18,97,170,2,"SHEOPUR, MADHYA PRADESH, INDIA",25.6656611,76.6954843
8604,MADHYA PRADESH,SIDHI,2012,31,9,48,40,0,7,148,312,2,"SIDHI, MADHYA PRADESH, INDIA",24.25,82
8605,MADHYA PRADESH,SIHORE,2012,23,36,69,14,0,21,338,338,2,"SIHORE, MADHYA PRADESH, INDIA",25.6724156,78.1043815
8606,MADHYA PRADESH,SINGRAULI,2012,36,9,32,36,2,9,110,328,2,"SINGRAULI, MADHYA PRADESH, INDIA",24.1974432,82.6661453
8607,MADHYA PRADESH,TIKAMGARH,2012,43,27,61,13,0,24,105,1251,2,"TIKAMGARH, MADHYA PRADESH, INDIA",24.85577805,79.04706347
8609,MADHYA PRADESH,UMARIYA,2012,12,3,22,4,1,7,68,95,2,"UMARIYA, MADHYA PRADESH, INDIA",24.2865522,80.1464261
8613,MAHARASHTRA,AKOLA,2012,42,34,19,22,3,49,677,720,2,"AKOLA, MAHARASHTRA, INDIA",20.76181225,77.19211567
8614,MAHARASHTRA,AMRAVATI COMMR.,2012,24,38,20,20,5,54,778,387,2,"AMRAVATI COMMR., MAHARASHTRA, INDIA",19.5,76
8619,MAHARASHTRA,BHANDARA,2012,20,11,26,11,3,31,430,378,2,"BHANDARA, MAHARASHTRA, INDIA",21.12304765,79.79390882
8620,MAHARASHTRA,BULDHANA,2012,49,38,29,31,5,23,521,687,2,"BULDHANA, MAHARASHTRA, INDIA",20.53208,76.179911
8621,MAHARASHTRA,CHANDRAPUR,2012,44,33,44,34,4,46,723,584,2,"CHANDRAPUR, MAHARASHTRA, INDIA",20.0967555,79.50454752
8623,MAHARASHTRA,GADCHIROLI,2012,57,69,18,9,4,3,146,174,2,"GADCHIROLI, MAHARASHTRA, INDIA",19.75907035,80.16228073
8624,MAHARASHTRA,GONDIA,2012,41,28,38,10,6,19,269,342,2,"GONDIA, MAHARASHTRA, INDIA",21.455228,80.1962729
8625,MAHARASHTRA,HINGOLI,2012,25,16,13,10,1,7,115,320,2,"HINGOLI, MAHARASHTRA, INDIA",19.54140965,77.17376601
8633,MAHARASHTRA,NAGPUR RLY.,2012,5,5,1,2,4,67,1073,18,2,"NAGPUR RLY., MAHARASHTRA, INDIA",19.5,76
8634,MAHARASHTRA,NAGPUR RURAL,2012,55,30,29,15,8,42,862,561,2,"NAGPUR RURAL, MAHARASHTRA, INDIA",21.0356706,79.0264124
8636,MAHARASHTRA,NANDURBAR,2012,35,17,19,10,14,17,165,249,2,"NANDURBAR, MAHARASHTRA, INDIA",21.51450155,74.54070115
8637,MAHARASHTRA,NASIK COMMR.,2012,32,26,20,18,14,163,1070,229,2,"NASIK COMMR., MAHARASHTRA, INDIA",19.5,76
8643,MAHARASHTRA,PUNE RLY.,2012,4,0,2,1,7,23,362,10,2,"PUNE RLY., MAHARASHTRA, INDIA",19.5,76
8645,MAHARASHTRA,RAIGAD,2012,40,13,21,8,17,42,321,257,2,"RAIGAD, MAHARASHTRA, INDIA",18.4928092,73.13807095
8646,MAHARASHTRA,RATNAGIRI,2012,10,12,11,4,9,35,171,172,2,"RATNAGIRI, MAHARASHTRA, INDIA",17.2826079,73.4569787
8647,MAHARASHTRA,SANGLI,2012,47,41,33,35,12,34,500,373,2,"SANGLI, MAHARASHTRA, INDIA",17.1726928,74.58676543
8649,MAHARASHTRA,SINDHUDURG,2012,8,7,9,8,4,12,91,110,2,"SINDHUDURG, MAHARASHTRA, INDIA",16.1357193,73.6522086
8650,MAHARASHTRA,SOLAPUR COMMR.,2012,18,27,25,24,23,98,557,177,2,"SOLAPUR COMMR., MAHARASHTRA, INDIA",19.5,76
8654,MAHARASHTRA,WARDHA,2012,30,32,40,26,7,63,656,704,2,"WARDHA, MAHARASHTRA, INDIA",20.82562315,78.6131455
8655,MAHARASHTRA,WASHIM,2012,40,31,31,29,4,35,303,393,2,"WASHIM, MAHARASHTRA, INDIA",20.28741775,77.2369655
8658,MANIPUR,BISHNUPUR,2012,10,36,11,12,0,0,42,20,2,"BISHNUPUR, MANIPUR, INDIA",24.56246365,93.80124837
8659,MANIPUR,CHANDEL,2012,7,12,0,5,0,0,4,3,2,"CHANDEL, MANIPUR, INDIA",24.3197442,94.02109882
8660,MANIPUR,CHURACHANDPUR,2012,8,6,1,6,0,0,19,7,2,"CHURACHANDPUR, MANIPUR, INDIA",24.378704,93.6970015
8661,MANIPUR,CID,2012,0,0,0,0,0,0,0,0,2,"CID, MANIPUR, INDIA",25,94
8662,MANIPUR,IMPHAL EAST,2012,10,91,10,46,0,1,199,44,2,"IMPHAL EAST, MANIPUR, INDIA",24.85154025,94.00947958
8663,MANIPUR,IMPHAL WEST,2012,14,149,18,72,0,1,520,122,2,"IMPHAL WEST, MANIPUR, INDIA",24.757326,93.85847858
8664,MANIPUR,SENAPATI,2012,2,19,2,22,8,1,13,4,2,"SENAPATI, MANIPUR, INDIA",25.3804396,94.05698542
8665,MANIPUR,TAMENGLONG,2012,11,5,1,7,0,0,3,3,2,"TAMENGLONG, MANIPUR, INDIA",24.9354013,93.56791112
8666,MANIPUR,THOUBAL,2012,16,73,20,44,0,0,94,80,2,"THOUBAL, MANIPUR, INDIA",24.624587,94.04247928
8667,MANIPUR,UKHRUL,2012,5,18,0,9,0,0,9,2,2,"UKHRUL, MANIPUR, INDIA",25.0982654,94.363167
8669,MEGHALAYA,GARO HILLS EAST,2012,9,11,2,9,16,2,37,0,2,"GARO HILLS EAST, MEGHALAYA, INDIA",25.5,90.5
8670,MEGHALAYA,GARO HILLS SOUTH,2012,7,11,6,15,2,1,40,4,2,"GARO HILLS SOUTH, MEGHALAYA, INDIA",25.347969,90.56577726
8671,MEGHALAYA,GARO HILLS WEST,2012,19,6,6,19,9,5,90,45,2,"GARO HILLS WEST, MEGHALAYA, INDIA",25.60631425,90.21139055
8672,MEGHALAYA,JAINTIA HILLS,2012,44,11,32,18,8,7,66,25,2,"JAINTIA HILLS, MEGHALAYA, INDIA",25.5,92.25
8673,MEGHALAYA,KHASI HILLS EAST,2012,31,8,58,18,7,25,208,62,2,"KHASI HILLS EAST, MEGHALAYA, INDIA",25.40237355,91.83254097
8674,MEGHALAYA,KHASI HILLS WEST,2012,16,13,28,6,7,5,32,12,2,"KHASI HILLS WEST, MEGHALAYA, INDIA",25.5,91.5
8675,MEGHALAYA,RI-BHOI,2012,11,3,32,7,3,1,70,9,2,"RI-BHOI, MEGHALAYA, INDIA",25.87640255,91.85675742
8677,MIZORAM,AIZAWL,2012,12,13,42,2,1,2,288,51,2,"AIZAWL, MIZORAM, INDIA",23.7435236,92.7382905
8678,MIZORAM,CHAMPHAI,2012,5,1,12,1,0,0,104,11,2,"CHAMPHAI, MIZORAM, INDIA",23.6317319,93.34931854
8679,MIZORAM,KOLASIB,2012,4,1,9,1,1,0,61,10,2,"KOLASIB, MIZORAM, INDIA",24.18947525,92.71331813
8680,MIZORAM,LAWNGTLAI,2012,3,0,7,1,0,1,31,9,2,"LAWNGTLAI, MIZORAM, INDIA",22.34596495,92.81195361
8681,MIZORAM,LUNGLEI,2012,0,6,16,1,0,0,41,5,2,"LUNGLEI, MIZORAM, INDIA",22.898553,92.75192292
8682,MIZORAM,MAMIT,2012,3,0,10,1,0,1,23,8,2,"MAMIT, MIZORAM, INDIA",23.75590845,92.45173569
8683,MIZORAM,SAIHA,2012,0,0,0,1,0,0,25,3,2,"SAIHA, MIZORAM, INDIA",22.4995518,92.97798989
8684,MIZORAM,SERCHHIP,2012,3,0,7,0,0,0,32,6,2,"SERCHHIP, MIZORAM, INDIA",23.3858923,92.93059891
8686,NAGALAND,DIMAPUR,2012,26,8,9,16,1,36,202,9,2,"DIMAPUR, NAGALAND, INDIA",25.911744,93.721703
8687,NAGALAND,KIPHIRE,2012,4,2,0,0,0,0,2,0,2,"KIPHIRE, NAGALAND, INDIA",25.81551155,94.841664
8688,NAGALAND,KOHIMA,2012,11,10,1,3,0,9,72,2,2,"KOHIMA, NAGALAND, INDIA",25.75,94.166667
8689,NAGALAND,LONGLENG,2012,1,1,0,0,0,0,1,1,2,"LONGLENG, NAGALAND, INDIA",26.49031725,94.77214247
8690,NAGALAND,MOKOKCHUNG,2012,5,6,3,0,0,0,11,2,2,"MOKOKCHUNG, NAGALAND, INDIA",26.4795861,94.51052755
8691,NAGALAND,MON,2012,6,3,3,4,0,4,19,3,2,"MON, NAGALAND, INDIA",26.75,94.833333
8692,NAGALAND,PEREN,2012,5,1,0,1,0,1,9,2,2,"PEREN, NAGALAND, INDIA",25.47907705,93.72563659
8693,NAGALAND,PHEK,2012,2,2,1,0,0,1,11,2,2,"PHEK, NAGALAND, INDIA",25.75,94.5
8694,NAGALAND,TUENSANG,2012,4,2,1,0,0,0,12,0,2,"TUENSANG, NAGALAND, INDIA",26.1685055,94.85819822
8695,NAGALAND,WOKHA,2012,1,4,2,0,0,1,28,6,2,"WOKHA, NAGALAND, INDIA",26.166667,94.25
8696,NAGALAND,ZUNHEBOTO,2012,10,3,1,3,0,2,14,3,2,"ZUNHEBOTO, NAGALAND, INDIA",26,94.5
8701,ODISHA,BERHAMPUR,2012,30,119,18,24,15,62,291,90,2,"BERHAMPUR, ODISHA, INDIA",21.49308515,86.63272983
8702,ODISHA,BHADRAK,2012,39,55,54,72,10,17,174,38,2,"BHADRAK, ODISHA, INDIA",21.0633288,86.5053731
8704,ODISHA,BOUDH,2012,18,17,10,10,0,3,53,229,2,"BOUDH, ODISHA, INDIA",20.8415619,84.3213321
8705,ODISHA,CUTTACK,2012,48,22,43,63,3,69,222,0,2,"CUTTACK, ODISHA, INDIA",20.4686,85.8792
8707,ODISHA,DCP CTC,2012,36,22,28,44,15,57,577,0,2,"DCP CTC, ODISHA, INDIA",20.5,84.41667
8708,ODISHA,DEOGARH,2012,23,16,17,7,23,14,23,224,2,"DEOGARH, ODISHA, INDIA",21.5370786,84.7301184
8710,ODISHA,GAJAPATI,2012,12,19,18,14,0,2,21,82,2,"GAJAPATI, ODISHA, INDIA",19.19557415,84.19297736
8714,ODISHA,JHARSUGUDA,2012,16,18,21,13,9,38,291,303,2,"JHARSUGUDA, ODISHA, INDIA",21.87705125,84.00905064
8716,ODISHA,KANDHAMAL,2012,29,0,32,30,4,13,77,302,2,"KANDHAMAL, ODISHA, INDIA",20.13069385,84.07904761
8717,ODISHA,KENDRAPARA,2012,49,21,38,69,5,38,188,140,2,"KENDRAPARA, ODISHA, INDIA",20.50040085,86.43170623
8719,ODISHA,KHURDA,2012,37,54,27,53,6,47,146,27,2,"KHURDA, ODISHA, INDIA",20.1540594,85.7086509
8721,ODISHA,MALKANGIR,2012,40,44,17,22,12,4,48,0,2,"MALKANGIR, ODISHA, INDIA",20.5,84.41667
8724,ODISHA,NOWRANGPUR,2012,39,20,42,45,4,20,64,86,2,"NOWRANGPUR, ODISHA, INDIA",19.23114,82.54826
8725,ODISHA,NUAPADA,2012,19,31,18,19,4,16,61,28,2,"NUAPADA, ODISHA, INDIA",20.76909975,82.51862846
8727,ODISHA,RAYAGADA,2012,24,51,41,43,9,18,90,41,2,"RAYAGADA, ODISHA, INDIA",19.17209585,83.33503085
8730,ODISHA,SONEPUR,2012,17,25,12,9,4,12,56,62,2,"SONEPUR, ODISHA, INDIA",20.8453864,83.909083
8731,ODISHA,SRP(CUTTACK),2012,5,6,0,2,0,17,541,14,2,"SRP(CUTTACK), ODISHA, INDIA",20.5,84.41667
8732,ODISHA,SRP(ROURKELA),2012,6,6,1,3,1,19,275,0,2,"SRP(ROURKELA), ODISHA, INDIA",20.5,84.41667
8733,ODISHA,SUNDARGARH,2012,48,59,40,25,4,48,174,451,2,"SUNDARGARH, ODISHA, INDIA",22.13327195,83.9796528
8735,PUNJAB,AMRITSAR RURAL,2012,46,61,18,45,3,5,181,160,2,"AMRITSAR RURAL, PUNJAB, INDIA",30.91667,75.41667
8736,PUNJAB,BARNALA,2012,18,21,25,9,0,1,90,75,2,"BARNALA, PUNJAB, INDIA",30.3704685,75.50401742
8737,PUNJAB,BATALA,2012,19,43,25,23,6,5,146,175,2,"BATALA, PUNJAB, INDIA",31.8193025,75.1999941
8738,PUNJAB,BHATINDA,2012,53,59,44,46,1,4,311,229,2,"BHATINDA, PUNJAB, INDIA",30.25,75
8739,PUNJAB,CP AMRITSAR,2012,42,80,27,52,2,25,416,134,2,"CP AMRITSAR, PUNJAB, INDIA",31.63661,74.87476
8740,PUNJAB,CP JALANDHAR,2012,14,46,33,39,1,18,443,132,2,"CP JALANDHAR, PUNJAB, INDIA",31.32556,75.57917
8742,PUNJAB,FARIDKOT,2012,22,26,17,24,1,2,106,121,2,"FARIDKOT, PUNJAB, INDIA",30.60092505,74.79477423
8743,PUNJAB,FATEHGARH SAHIB,2012,17,11,15,10,0,1,81,137,2,"FATEHGARH SAHIB, PUNJAB, INDIA",30.6466737,76.3887563
8744,PUNJAB,FAZILKA,2012,37,30,32,40,0,2,133,156,2,"FAZILKA, PUNJAB, INDIA",30.4032097,74.0310609
8745,PUNJAB,FEROZPUR,2012,37,43,15,20,1,3,189,231,2,"FEROZPUR, PUNJAB, INDIA",30.4395636,74.0624666
8746,PUNJAB,G.R.P,2012,5,5,0,0,0,0,55,8,2,"G.R.P, PUNJAB, INDIA",30.91667,75.41667
8747,PUNJAB,GURDASPUR,2012,19,27,14,37,1,1,94,101,2,"GURDASPUR, PUNJAB, INDIA",32.166667,75.316667
8748,PUNJAB,HOSHIARPUR,2012,45,31,33,41,0,38,229,250,2,"HOSHIARPUR, PUNJAB, INDIA",31.60857425,75.84644247
8749,PUNJAB,JALANDHAR RURAL,2012,49,49,29,38,13,25,174,255,2,"JALANDHAR RURAL, PUNJAB, INDIA",30.91667,75.41667
8750,PUNJAB,KAPURTHALA,2012,24,45,16,43,6,16,213,204,2,"KAPURTHALA, PUNJAB, INDIA",31.38524095,75.30552274
8751,PUNJAB,KHANNA,2012,20,23,14,15,0,1,146,98,2,"KHANNA, PUNJAB, INDIA",30.700625,76.2220763
8752,PUNJAB,LUDHIANA RURAL,2012,25,31,11,32,0,3,94,78,2,"LUDHIANA RURAL, PUNJAB, INDIA",30.91667,75.41667
8753,PUNJAB,MANSA,2012,15,25,22,17,0,0,65,101,2,"MANSA, PUNJAB, INDIA",29.8769971,75.48898661
8754,PUNJAB,MOGA,2012,37,44,23,20,2,6,154,161,2,"MOGA, PUNJAB, INDIA",30.7839866,75.16057423
8755,PUNJAB,MUKTSAR,2012,25,30,18,35,0,4,112,159,2,"MUKTSAR, PUNJAB, INDIA",30.4692,74.5182
8756,PUNJAB,PATHANKOT,2012,11,6,13,13,1,3,48,28,2,"PATHANKOT, PUNJAB, INDIA",32.2692452,75.6528858
8757,PUNJAB,PATIALA,2012,53,53,44,45,1,1,307,276,2,"PATIALA, PUNJAB, INDIA",30.2090874,76.33987209
8758,PUNJAB,ROPAR,2012,20,8,22,21,0,0,220,90,2,"ROPAR, PUNJAB, INDIA",30.9688367,76.526088
8759,PUNJAB,SANGRUR,2012,41,45,34,39,1,5,181,220,2,"SANGRUR, PUNJAB, INDIA",30.1358257,75.85351544
8760,PUNJAB,SAS NGR,2012,22,51,23,52,2,7,364,149,2,"SAS NGR, PUNJAB, INDIA",30.7393128,76.7138728
8761,PUNJAB,SBS NAGAR,2012,19,15,21,17,2,12,88,117,2,"SBS NAGAR, PUNJAB, INDIA",30.8260412,75.1989654
8762,PUNJAB,TARN TARAN,2012,41,59,23,23,2,6,128,147,2,"TARN TARAN, PUNJAB, INDIA",31.351007,75.1501011
8766,RAJASTHAN,BANSWARA,2012,34,16,56,96,0,13,129,632,2,"BANSWARA, RAJASTHAN, INDIA",23.5,74.333333
8768,RAJASTHAN,BARMER,2012,29,30,21,35,0,3,387,442,2,"BARMER, RAJASTHAN, INDIA",25.75,71.5
8770,RAJASTHAN,BHILWARA,2012,29,42,59,78,0,21,617,63,2,"BHILWARA, RAJASTHAN, INDIA",25.4889628,74.7164014
8771,RAJASTHAN,BIKANER,2012,45,73,67,41,0,12,274,229,2,"BIKANER, RAJASTHAN, INDIA",28.0159286,73.3171367
8772,RAJASTHAN,BUNDI,2012,18,32,43,81,0,3,242,654,2,"BUNDI, RAJASTHAN, INDIA",25.5,75.833333
8774,RAJASTHAN,CHURU,2012,42,38,59,37,0,4,194,431,2,"CHURU, RAJASTHAN, INDIA",28.5,74.5
8775,RAJASTHAN,DAUSA,2012,30,17,14,101,0,18,942,36,2,"DAUSA, RAJASTHAN, INDIA",26.893342,76.3376514
8777,RAJASTHAN,DUNGARPUR,2012,26,12,32,67,0,16,57,159,2,"DUNGARPUR, RAJASTHAN, INDIA",23.666667,73.75
8778,RAJASTHAN,G.R.P.AJMER,2012,4,2,4,8,0,2,611,5,2,"G.R.P.AJMER, RAJASTHAN, INDIA",26.58333,73.83333
8779,RAJASTHAN,G.R.P.JODHPUR,2012,2,0,1,1,0,0,83,1,2,"G.R.P.JODHPUR, RAJASTHAN, INDIA",26.58333,73.83333
8783,RAJASTHAN,JAIPUR NORTH,2012,12,20,37,64,1,37,589,263,2,"JAIPUR NORTH, RAJASTHAN, INDIA",26.58333,73.83333
8784,RAJASTHAN,JAIPUR RURAL,2012,38,37,39,96,8,21,596,410,2,"JAIPUR RURAL, RAJASTHAN, INDIA",26.58333,73.83333
8785,RAJASTHAN,JAIPUR SOUTH,2012,17,17,17,26,1,53,1107,103,2,"JAIPUR SOUTH, RAJASTHAN, INDIA",26.58333,73.83333
8786,RAJASTHAN,JAIPUR WEST,2012,26,20,38,69,1,40,1093,226,2,"JAIPUR WEST, RAJASTHAN, INDIA",26.9178997,75.7529805
8787,RAJASTHAN,JAISALMER,2012,9,8,12,9,0,3,107,253,2,"JAISALMER, RAJASTHAN, INDIA",26.921761,70.9191144
8788,RAJASTHAN,JALORE,2012,23,18,13,47,1,5,183,15,2,"JALORE, RAJASTHAN, INDIA",25.3476006,72.6260916
8790,RAJASTHAN,JHUNJHUNU,2012,36,15,45,63,0,9,291,560,2,"JHUNJHUNU, RAJASTHAN, INDIA",28.1287995,75.3992581
8791,RAJASTHAN,JODHPUR EAST,2012,12,27,20,15,0,16,397,417,2,"JODHPUR EAST, RAJASTHAN, INDIA",26.58333,73.83333
8792,RAJASTHAN,JODHPUR RURAL,2012,34,38,27,33,1,12,224,771,2,"JODHPUR RURAL, RAJASTHAN, INDIA",26.58333,73.83333
8793,RAJASTHAN,JODHPUR WEST,2012,15,42,20,29,0,23,646,286,2,"JODHPUR WEST, RAJASTHAN, INDIA",26.58333,73.83333
8794,RAJASTHAN,KARAULI,2012,41,40,44,104,0,19,685,2,2,"KARAULI, RAJASTHAN, INDIA",26.4956,77.0275
8795,RAJASTHAN,KOTA CITY,2012,28,68,45,82,0,27,596,115,2,"KOTA CITY, RAJASTHAN, INDIA",26.8354446,75.4275155
8796,RAJASTHAN,KOTA RURAL,2012,20,56,42,49,0,8,133,185,2,"KOTA RURAL, RAJASTHAN, INDIA",26.58333,73.83333
8800,RAJASTHAN,RAJSAMAND,2012,26,19,14,62,0,19,168,484,2,"RAJSAMAND, RAJASTHAN, INDIA",25.0585825,73.8880816
8801,RAJASTHAN,SAWAI MADHOPUR,2012,24,27,19,95,0,5,605,0,2,"SAWAI MADHOPUR, RAJASTHAN, INDIA",26.5,76.75
8802,RAJASTHAN,SIKAR,2012,51,34,55,96,0,4,619,234,2,"SIKAR, RAJASTHAN, INDIA",27.66241555,75.0279971
8803,RAJASTHAN,SIROHI,2012,29,16,29,69,0,10,116,341,2,"SIROHI, RAJASTHAN, INDIA",24.833333,72.75
8804,RAJASTHAN,TONK,2012,21,24,19,69,0,3,233,860,2,"TONK, RAJASTHAN, INDIA",26.1647019,75.576596
8807,SIKKIM,EAST,2012,3,4,13,6,0,2,42,31,2,"EAST, SIKKIM, INDIA",27.2799097,88.67466492
8808,SIKKIM,NORTH,2012,1,1,0,0,0,0,7,5,2,"NORTH, SIKKIM, INDIA",27.666667,88.5
8809,SIKKIM,SOUTH,2012,1,2,12,3,0,2,39,33,2,"SOUTH, SIKKIM, INDIA",27.333333,88.416667
8810,SIKKIM,WEST,2012,2,0,9,1,0,2,29,22,2,"WEST, SIKKIM, INDIA",27.41851735,88.18083383
8812,TAMIL NADU,ARIYALUR,2012,19,32,11,47,1,8,131,433,2,"ARIYALUR, TAMIL NADU, INDIA",11.07603595,79.11745538
8814,TAMIL NADU,CHENNAI RLY.,2012,1,5,0,2,2,18,214,29,2,"CHENNAI RLY., TAMIL NADU, INDIA",11,78.33333
8815,TAMIL NADU,COIMBATORE RURAL,2012,51,28,9,41,4,72,354,442,2,"COIMBATORE RURAL, TAMIL NADU, INDIA",11,78.33333
8816,TAMIL NADU,COIMBATORE URBAN,2012,29,37,20,20,2,101,544,272,2,"COIMBATORE URBAN, TAMIL NADU, INDIA",11,78.33333
8818,TAMIL NADU,DHARMAPURI,2012,50,32,25,98,1,21,155,994,2,"DHARMAPURI, TAMIL NADU, INDIA",12.09680475,78.19304301
8820,TAMIL NADU,ERODE,2012,40,31,8,30,1,44,344,399,2,"ERODE, TAMIL NADU, INDIA",11.3692044,77.67662687
8823,TAMIL NADU,KARUR,2012,26,18,4,49,1,30,135,198,2,"KARUR, TAMIL NADU, INDIA",10.9301522,78.08485455
8824,TAMIL NADU,KRISHNAGIRI,2012,63,41,14,45,2,57,166,663,2,"KRISHNAGIRI, TAMIL NADU, INDIA",12.5188835,78.2206536
8826,TAMIL NADU,MADURAI URBAN,2012,31,74,11,65,2,79,459,245,2,"MADURAI URBAN, TAMIL NADU, INDIA",11,78.33333
8827,TAMIL NADU,NAGAPATTINAM,2012,56,44,10,42,2,18,200,518,2,"NAGAPATTINAM, TAMIL NADU, INDIA",10.8056276,79.82465978
8828,TAMIL NADU,NAMAKKAL,2012,30,33,12,48,4,44,106,458,2,"NAMAKKAL, TAMIL NADU, INDIA",11.28422485,78.16615284
8829,TAMIL NADU,NILGIRIS,2012,14,17,9,8,0,5,42,195,2,"NILGIRIS, TAMIL NADU, INDIA",13.0698579,80.2248039
8830,TAMIL NADU,PERAMBALUR,2012,11,15,3,31,1,13,83,168,2,"PERAMBALUR, TAMIL NADU, INDIA",11.2287716,78.81825555
8831,TAMIL NADU,PUDUKOTTAI,2012,31,36,6,33,1,18,141,282,2,"PUDUKOTTAI, TAMIL NADU, INDIA",10.3826515,78.8191259
8832,TAMIL NADU,RAMNATHAPURAM,2012,54,81,9,40,4,45,178,487,2,"RAMNATHAPURAM, TAMIL NADU, INDIA",9.5,78.5
8834,TAMIL NADU,SALEM URBAN,2012,16,22,15,23,4,39,162,315,2,"SALEM URBAN, TAMIL NADU, INDIA",11,78.33333
8835,TAMIL NADU,SIVAGANGAI,2012,47,58,11,43,4,34,194,319,2,"SIVAGANGAI, TAMIL NADU, INDIA",10.0637695,78.7775022
8837,TAMIL NADU,THENI,2012,39,69,22,45,3,48,215,622,2,"THENI, TAMIL NADU, INDIA",9.9696643,77.47420049
8839,TAMIL NADU,THIRUNELVELI URBAN,2012,19,163,3,7,0,38,58,119,2,"THIRUNELVELI URBAN, TAMIL NADU, INDIA",11,78.33333
8840,TAMIL NADU,THIRUVALLUR,2012,40,49,18,14,1,24,203,447,2,"THIRUVALLUR, TAMIL NADU, INDIA",13.13014755,79.92435386
8841,TAMIL NADU,THIRUVANNAMALAI,2012,52,56,21,62,2,19,241,635,2,"THIRUVANNAMALAI, TAMIL NADU, INDIA",9.539867,77.6197904
8842,TAMIL NADU,THIRUVARUR,2012,33,45,11,34,1,20,175,536,2,"THIRUVARUR, TAMIL NADU, INDIA",10.73618605,79.63318659
8845,TAMIL NADU,TRICHY RLY.,2012,2,3,0,1,0,3,82,15,2,"TRICHY RLY., TAMIL NADU, INDIA",11,78.33333
8846,TAMIL NADU,TRICHY RURAL,2012,44,44,14,29,0,46,103,377,2,"TRICHY RURAL, TAMIL NADU, INDIA",11,78.33333
8847,TAMIL NADU,TRICHY URBAN,2012,26,22,7,22,0,56,253,146,2,"TRICHY URBAN, TAMIL NADU, INDIA",11,78.33333
8852,TRIPURA,DHALAI,2012,20,8,35,11,2,13,29,70,2,"DHALAI, TRIPURA, INDIA",23.8253158,91.97322267
8853,TRIPURA,GOMATI,2012,18,8,26,16,2,5,132,321,2,"GOMATI, TRIPURA, INDIA",23.4613369,91.60718004
8854,TRIPURA,GRP,2012,1,0,0,0,0,0,5,1,2,"GRP, TRIPURA, INDIA",24,92
8855,TRIPURA,KHOWAI,2012,12,4,10,5,0,1,33,131,2,"KHOWAI, TRIPURA, INDIA",24.04673835,91.62320954
8856,TRIPURA,NORTH,2012,11,10,29,16,2,4,45,105,2,"NORTH, TRIPURA, INDIA",24.0921476,92.24512135
8857,TRIPURA,SIPAHIJALA,2012,12,9,23,29,0,10,84,250,2,"SIPAHIJALA, TRIPURA, INDIA",24,92
8858,TRIPURA,SOUTH,2012,15,20,30,17,1,8,46,190,2,"SOUTH, TRIPURA, INDIA",23.5,91.666667
8859,TRIPURA,UNAKOTI,2012,9,8,26,10,0,9,45,159,2,"UNAKOTI, TRIPURA, INDIA",24.3167458,92.06650224
8860,TRIPURA,WEST,2012,26,12,50,35,0,10,146,277,2,"WEST, TRIPURA, INDIA",23.916667,91.5
8865,UTTAR PRADESH,AMBEDKAR NAGAR,2012,35,32,12,69,0,24,123,147,2,"AMBEDKAR NAGAR, UTTAR PRADESH, INDIA",26.40349795,82.60728149
8866,UTTAR PRADESH,AURAIYA,2012,24,29,13,102,1,19,150,87,2,"AURAIYA, UTTAR PRADESH, INDIA",26.65573395,79.51504701
8870,UTTAR PRADESH,BAHRAICH,2012,41,42,27,116,1,15,215,173,2,"BAHRAICH, UTTAR PRADESH, INDIA",27.7336958,81.47732128
8871,UTTAR PRADESH,BALLIA,2012,45,27,12,84,8,38,235,239,2,"BALLIA, UTTAR PRADESH, INDIA",25.87793255,84.11995931
8872,UTTAR PRADESH,BALRAMPUR,2012,23,10,12,53,2,6,62,74,2,"BALRAMPUR, UTTAR PRADESH, INDIA",27.4504805,82.39541774
8873,UTTAR PRADESH,BANDA,2012,40,24,22,48,0,9,134,24,2,"BANDA, UTTAR PRADESH, INDIA",25.6240669,80.44804739
8876,UTTAR PRADESH,BASTI,2012,33,19,7,61,0,12,161,134,2,"BASTI, UTTAR PRADESH, INDIA",26.724789,82.79326865
8880,UTTAR PRADESH,CHANDOLI,2012,25,14,11,34,2,13,124,188,2,"CHANDOLI, UTTAR PRADESH, INDIA",27.25,80.75
8881,UTTAR PRADESH,CHITRAKOOT DHAM,2012,34,10,31,43,2,7,97,13,2,"CHITRAKOOT DHAM, UTTAR PRADESH, INDIA",25.2158257,80.9164001
8882,UTTAR PRADESH,CSM NAGAR,2012,35,55,26,105,1,17,137,237,2,"CSM NAGAR, UTTAR PRADESH, INDIA",27.96812,79.06453
8883,UTTAR PRADESH,DEORIA,2012,35,25,18,67,2,12,177,147,2,"DEORIA, UTTAR PRADESH, INDIA",26.42384715,83.76273169
8885,UTTAR PRADESH,ETAWAH,2012,59,55,9,71,3,33,273,78,2,"ETAWAH, UTTAR PRADESH, INDIA",26.71832435,79.09025375
8886,UTTAR PRADESH,FAIZABAD,2012,45,41,29,143,0,33,263,213,2,"FAIZABAD, UTTAR PRADESH, INDIA",26.63807555,82.05902434
8887,UTTAR PRADESH,FATEHGARH,2012,68,66,14,106,4,15,267,56,2,"FATEHGARH, UTTAR PRADESH, INDIA",27.3700748,79.620752
8890,UTTAR PRADESH,G.R.P.,2012,22,11,3,14,8,40,1836,4,2,"G.R.P., UTTAR PRADESH, INDIA",27.25,80.75
8893,UTTAR PRADESH,GHAZIPUR,2012,47,56,9,61,3,28,173,216,2,"GHAZIPUR, UTTAR PRADESH, INDIA",25.6035084,83.50745405
8894,UTTAR PRADESH,GONDA,2012,39,38,23,125,0,31,238,340,2,"GONDA, UTTAR PRADESH, INDIA",27.1096669,81.91832912
8896,UTTAR PRADESH,HAMIRPUR,2012,36,27,25,46,5,17,72,58,2,"HAMIRPUR, UTTAR PRADESH, INDIA",25.75,80
8898,UTTAR PRADESH,HATHRAS,2012,53,52,17,84,14,43,283,145,2,"HATHRAS, UTTAR PRADESH, INDIA",27.57324325,78.11173867
8899,UTTAR PRADESH,J.P.NAGAR,2012,60,36,34,69,4,52,234,106,2,"J.P.NAGAR, UTTAR PRADESH, INDIA",27.25,80.75
8900,UTTAR PRADESH,JALAUN,2012,46,32,15,68,3,16,153,10,2,"JALAUN, UTTAR PRADESH, INDIA",26.105546,79.42765265
8901,UTTAR PRADESH,JAUNPUR,2012,50,64,15,115,1,53,186,324,2,"JAUNPUR, UTTAR PRADESH, INDIA",25.7955927,82.48834098
8902,UTTAR PRADESH,JHANSI,2012,65,50,19,74,2,29,346,153,2,"JHANSI, UTTAR PRADESH, INDIA",25.5301308,78.65242146
8903,UTTAR PRADESH,KANNAUJ,2012,48,36,12,86,0,8,128,5,2,"KANNAUJ, UTTAR PRADESH, INDIA",26.9996974,79.68861213
8905,UTTAR PRADESH,KANSHIRAM NAGAR,2012,50,54,18,65,0,12,133,134,2,"KANSHIRAM NAGAR, UTTAR PRADESH, INDIA",27.77722,78.84537
8906,UTTAR PRADESH,KAUSHAMBI,2012,44,12,11,54,1,13,88,80,2,"KAUSHAMBI, UTTAR PRADESH, INDIA",25.53868215,81.45034105
8908,UTTAR PRADESH,KUSHI NAGAR,2012,36,28,30,98,1,10,146,166,2,"KUSHI NAGAR, UTTAR PRADESH, INDIA",27.96812,79.06453
8909,UTTAR PRADESH,LALITPUR,2012,23,10,14,25,0,11,57,15,2,"LALITPUR, UTTAR PRADESH, INDIA",24.70038485,78.51866759
8911,UTTAR PRADESH,MAHARAJGANJ,2012,30,21,34,95,9,10,88,171,2,"MAHARAJGANJ, UTTAR PRADESH, INDIA",27.09254225,83.56696261
8912,UTTAR PRADESH,MAHOBA,2012,29,16,16,48,0,12,81,5,2,"MAHOBA, UTTAR PRADESH, INDIA",25.36176885,79.70499475
8915,UTTAR PRADESH,MAU,2012,23,61,9,82,1,27,198,237,2,"MAU, UTTAR PRADESH, INDIA",26.0376878,83.49793418
8917,UTTAR PRADESH,MIRZAPUR,2012,27,3,4,7,1,3,41,85,2,"MIRZAPUR, UTTAR PRADESH, INDIA",25.1010477,82.62574936
8920,UTTAR PRADESH,PANCHSHIL NAGAR,2012,56,68,15,65,1,38,366,35,2,"PANCHSHIL NAGAR, UTTAR PRADESH, INDIA",27.96812,79.06453
8921,UTTAR PRADESH,PILIBHIT,2012,47,21,10,65,7,7,83,1,2,"PILIBHIT, UTTAR PRADESH, INDIA",28.6908066,79.83107249
8922,UTTAR PRADESH,PRABUDDH NAGAR,2012,55,58,7,64,1,41,169,4,2,"PRABUDDH NAGAR, UTTAR PRADESH, INDIA",27.96812,79.06453
8924,UTTAR PRADESH,RAIBAREILLY,2012,37,39,36,96,1,14,179,137,2,"RAIBAREILLY, UTTAR PRADESH, INDIA",27.25,80.75
8925,UTTAR PRADESH,RAMABAI NAGAR,2012,44,14,18,83,1,11,85,194,2,"RAMABAI NAGAR, UTTAR PRADESH, INDIA",26.41506,79.98957
8926,UTTAR PRADESH,RAMPUR,2012,51,66,26,100,5,48,338,1,2,"RAMPUR, UTTAR PRADESH, INDIA",28.8014001,79.0284337
8927,UTTAR PRADESH,SAHARANPUR,2012,70,78,18,101,1,34,448,113,2,"SAHARANPUR, UTTAR PRADESH, INDIA",29.9880774,77.50812995
8928,UTTAR PRADESH,SANT KABIRNAGAR,2012,16,17,18,50,0,9,55,134,2,"SANT KABIRNAGAR, UTTAR PRADESH, INDIA",27.25,80.75
8930,UTTAR PRADESH,SHRAWASTI,2012,24,10,22,42,18,5,57,137,2,"SHRAWASTI, UTTAR PRADESH, INDIA",27.50746,82.0047
8931,UTTAR PRADESH,SIDHARTHNAGAR,2012,27,5,22,48,2,3,79,38,2,"SIDHARTHNAGAR, UTTAR PRADESH, INDIA",27.25,80.75
8933,UTTAR PRADESH,SONBHADRA,2012,25,13,21,31,1,8,95,131,2,"SONBHADRA, UTTAR PRADESH, INDIA",24.38657525,83.07863061
8934,UTTAR PRADESH,ST.RAVIDASNAGAR,2012,10,20,4,18,0,2,47,56,2,"ST.RAVIDASNAGAR, UTTAR PRADESH, INDIA",27.25,80.75
8935,UTTAR PRADESH,SULTANPUR,2012,44,80,26,67,7,33,279,243,2,"SULTANPUR, UTTAR PRADESH, INDIA",26.24251085,82.29616932
8937,UTTAR PRADESH,VARANASI,2012,59,62,21,99,0,28,700,216,2,"VARANASI, UTTAR PRADESH, INDIA",25.3356491,83.0076292
8939,UTTARAKHAND,ALMORA,2012,4,6,5,0,0,4,21,0,2,"ALMORA, UTTARAKHAND, INDIA",29.703095,79.43317023
8940,UTTARAKHAND,BAGESHWAR,2012,3,2,8,1,0,0,4,11,2,"BAGESHWAR, UTTARAKHAND, INDIA",30.0084975,79.93004575
8941,UTTARAKHAND,CHAMOLI,2012,1,3,2,2,0,0,9,14,2,"CHAMOLI, UTTARAKHAND, INDIA",30.5,79.5
8942,UTTARAKHAND,CHAMPAWAT,2012,2,1,3,0,0,1,5,25,2,"CHAMPAWAT, UTTARAKHAND, INDIA",29.23631315,80.10172077
8943,UTTARAKHAND,DEHRADUN,2012,37,29,30,43,4,19,575,467,2,"DEHRADUN, UTTARAKHAND, INDIA",30.3255646,78.0436813
8945,UTTARAKHAND,NAINITAL,2012,17,12,16,29,2,12,107,20,2,"NAINITAL, UTTARAKHAND, INDIA",29.29478295,79.41548094
8946,UTTARAKHAND,PAURI GARHWAL,2012,9,2,2,10,0,3,58,28,2,"PAURI GARHWAL, UTTARAKHAND, INDIA",29.84591115,78.70766746
8947,UTTARAKHAND,PITHORAGARH,2012,9,0,1,1,0,0,7,15,2,"PITHORAGARH, UTTARAKHAND, INDIA",29.585871,80.215167
8948,UTTARAKHAND,RUDRA PRAYAG,2012,3,0,2,3,0,4,6,6,2,"RUDRA PRAYAG, UTTARAKHAND, INDIA",30.25,79.25
8949,UTTARAKHAND,TEHRI GARHWAL,2012,5,2,1,3,0,3,17,0,2,"TEHRI GARHWAL, UTTARAKHAND, INDIA",30.5,78.666667
8950,UTTARAKHAND,UDHAMSINGH NAGAR,2012,52,50,30,95,12,31,474,43,2,"UDHAMSINGH NAGAR, UTTARAKHAND, INDIA",30.25,79.25
8951,UTTARAKHAND,UTTARKASHI,2012,1,0,1,4,0,0,11,3,2,"UTTARKASHI, UTTARAKHAND, INDIA",30.7291049,78.4403495
8956,WEST BENGAL,BANKURA,2012,61,37,35,84,11,26,224,187,2,"BANKURA, WEST BENGAL, INDIA",23.13195425,87.2073972
8957,WEST BENGAL,BDN CP,2012,15,35,13,53,3,17,847,0,2,"BDN CP, WEST BENGAL, INDIA",24,88
8963,WEST BENGAL,DARJEELING,2012,27,17,10,47,6,6,318,632,2,"DARJEELING, WEST BENGAL, INDIA",27.0377554,88.263176
8966,WEST BENGAL,HOWRAH CITY,2012,39,3,28,191,3,35,1166,36,2,"HOWRAH CITY, WEST BENGAL, INDIA",22.57688,88.31857
8967,WEST BENGAL,HOWRAH G.R.P.,2012,16,9,2,4,2,3,323,3,2,"HOWRAH G.R.P., WEST BENGAL, INDIA",24,88
8969,WEST BENGAL,JHARGRAM,2012,30,23,21,21,10,19,97,11,2,"JHARGRAM, WEST BENGAL, INDIA",22.3770636,87.04867177
8970,WEST BENGAL,KHARAGPUR G.R.P.,2012,6,0,2,4,0,3,149,3,2,"KHARAGPUR G.R.P., WEST BENGAL, INDIA",24,88
8977,WEST BENGAL,PURULIA,2012,66,12,50,44,8,26,255,162,2,"PURULIA, WEST BENGAL, INDIA",23.3291882,86.3672378
8978,WEST BENGAL,SEALDAH G.R.P.,2012,19,9,0,7,0,10,421,62,2,"SEALDAH G.R.P., WEST BENGAL, INDIA",24,88
8979,WEST BENGAL,SILIGURI G.R.P.,2012,4,1,0,3,1,1,167,0,2,"SILIGURI G.R.P., WEST BENGAL, INDIA",24,88
8980,WEST BENGAL,SILIGURI_PC,2012,32,6,21,123,3,29,849,812,2,"SILIGURI_PC, WEST BENGAL, INDIA",26.7164127,88.4309916
8983,A & N ISLANDS,CAR,2012,2,0,0,1,1,0,4,4,2,"CAR, A & N ISLANDS, INDIA",22,79
8984,A & N ISLANDS,NORTH,2012,5,0,4,0,0,1,13,8,2,"NORTH, A & N ISLANDS, INDIA",22,79
8985,A & N ISLANDS,SOUTH,2012,8,3,8,7,4,1,54,50,2,"SOUTH, A & N ISLANDS, INDIA",22,79
8987,CHANDIGARH,CHANDIGARH,2012,21,44,27,87,3,63,1549,42,2,"CHANDIGARH, CHANDIGARH, INDIA",30.72984395,76.78414567
8989,D & N HAVELI,D and N HAVELI,2012,7,2,3,13,2,2,68,25,2,"D and N HAVELI, D & N HAVELI, INDIA",33.79548,74.062
8991,DAMAN & DIU,DAMAN,2012,3,4,5,2,1,3,52,15,2,"DAMAN, DAMAN & DIU, INDIA",20.42000485,72.8637629
8992,DAMAN & DIU,DIU,2012,0,1,0,1,0,0,3,2,2,"DIU, DAMAN & DIU, INDIA",20.71817495,70.93238341
8994,DELHI UT,CAW,2012,0,0,0,0,0,0,0,0,2,"CAW, DELHI UT, INDIA",22,79
8996,DELHI UT,CRIME BRANCH,2012,1,2,1,3,0,0,1,0,2,"CRIME BRANCH, DELHI UT, INDIA",22,79
8999,DELHI UT,EOW,2012,0,0,0,0,0,0,0,0,2,"EOW, DELHI UT, INDIA",22,79
9000,DELHI UT,GRP(RLY),2012,13,0,4,27,0,12,630,1,2,"GRP(RLY), DELHI UT, INDIA",22,79
9001,DELHI UT,IGI AIRPORT,2012,1,0,0,1,0,1,68,1,2,"IGI AIRPORT, DELHI UT, INDIA",22,79
9002,DELHI UT,NEW DELHI,2012,9,6,5,28,0,9,374,16,2,"NEW DELHI, DELHI UT, INDIA",22,79
9003,DELHI UT,NORTH,2012,25,17,14,153,0,45,1025,92,2,"NORTH, DELHI UT, INDIA",22,79
9010,DELHI UT,STF,2012,0,1,0,0,0,0,0,0,2,"STF, DELHI UT, INDIA",22,79
9012,LAKSHADWEEP,LAKSHADWEEP,2012,0,0,0,0,0,0,7,3,2,"LAKSHADWEEP, LAKSHADWEEP, INDIA",10.8132489,73.68046209
9014,PUDUCHERRY,KARAIKAL,2012,5,6,6,2,0,3,81,186,2,"KARAIKAL, PUDUCHERRY, INDIA",10.91571,79.8375761
9015,PUDUCHERRY,PUDUCHERRY,2012,24,21,7,17,5,13,577,632,2,"PUDUCHERRY, PUDUCHERRY, INDIA",11.9340568,79.8306447
8206,ANDHRA PRADESH,ADILABAD,2012,81,80,88,82,2,14,373,2172,3,"ADILABAD, ANDHRA PRADESH, INDIA",19.67203,78.5359
8207,ANDHRA PRADESH,ANANTAPUR,2012,173,123,18,74,14,6,581,2018,3,"ANANTAPUR, ANDHRA PRADESH, INDIA",14.6546235,77.55625984
8208,ANDHRA PRADESH,CHITTOOR,2012,91,75,28,56,3,10,501,622,3,"CHITTOOR, ANDHRA PRADESH, INDIA",13.1601048,79.15555062
8209,ANDHRA PRADESH,CUDDAPAH,2012,118,96,26,76,4,9,513,2355,3,"CUDDAPAH, ANDHRA PRADESH, INDIA",14.4956602,78.8349278
8211,ANDHRA PRADESH,EAST GODAVARI,2012,70,94,71,54,1,16,861,2222,3,"EAST GODAVARI, ANDHRA PRADESH, INDIA",16.99842865,81.71561488
8213,ANDHRA PRADESH,GUNTUR,2012,96,68,23,63,0,6,708,2309,3,"GUNTUR, ANDHRA PRADESH, INDIA",16.2915189,80.4541588
8214,ANDHRA PRADESH,GUNTUR URBAN,2012,56,53,24,42,2,29,904,1072,3,"GUNTUR URBAN, ANDHRA PRADESH, INDIA",17.6889118,83.2426004
8216,ANDHRA PRADESH,KARIMNAGAR,2012,128,112,40,141,4,25,860,2636,3,"KARIMNAGAR, ANDHRA PRADESH, INDIA",18.43915,79.12856
8217,ANDHRA PRADESH,KHAMMAM,2012,130,110,78,73,5,14,528,1956,3,"KHAMMAM, ANDHRA PRADESH, INDIA",17.1091033,81.0874209
8218,ANDHRA PRADESH,KRISHNA,2012,78,53,67,67,2,9,673,2601,3,"KRISHNA, ANDHRA PRADESH, INDIA",16.21399145,81.02572814
8219,ANDHRA PRADESH,KURNOOL,2012,111,143,22,58,3,18,518,2382,3,"KURNOOL, ANDHRA PRADESH, INDIA",15.8309251,78.0425373
8220,ANDHRA PRADESH,MAHABOOBNAGAR,2012,182,90,56,76,3,16,961,1870,3,"MAHABOOBNAGAR, ANDHRA PRADESH, INDIA",16.7417,77.9864
8221,ANDHRA PRADESH,MEDAK,2012,113,43,26,54,6,17,693,1674,3,"MEDAK, ANDHRA PRADESH, INDIA",18.04531,78.26078
8222,ANDHRA PRADESH,NALGONDA,2012,86,88,52,89,9,20,802,2995,3,"NALGONDA, ANDHRA PRADESH, INDIA",17.05439,79.26707
8223,ANDHRA PRADESH,NELLORE,2012,94,86,23,90,5,42,833,2550,3,"NELLORE, ANDHRA PRADESH, INDIA",14.4493717,79.9873763
8224,ANDHRA PRADESH,NIZAMABAD,2012,113,48,35,38,4,15,613,1332,3,"NIZAMABAD, ANDHRA PRADESH, INDIA",18.3015062,84.0232082
8225,ANDHRA PRADESH,PRAKASHAM,2012,108,117,37,84,2,27,674,2523,3,"PRAKASHAM, ANDHRA PRADESH, INDIA",17.0070088,81.7879635
8231,ANDHRA PRADESH,VIJAYAWADA CITY,2012,42,56,47,66,1,60,1385,1961,3,"VIJAYAWADA CITY, ANDHRA PRADESH, INDIA",16.5100913,80.6165009
8234,ANDHRA PRADESH,VISAKHAPATNAM,2012,44,27,50,27,14,27,1062,1207,3,"VISAKHAPATNAM, ANDHRA PRADESH, INDIA",17.7231276,83.3012842
8235,ANDHRA PRADESH,VIZIANAGARAM,2012,44,36,44,21,2,4,263,1504,3,"VIZIANAGARAM, ANDHRA PRADESH, INDIA",18.1120819,83.40521962
8236,ANDHRA PRADESH,WARANGAL,2012,75,47,56,66,3,22,388,1482,3,"WARANGAL, ANDHRA PRADESH, INDIA",18,79.58333
8238,ANDHRA PRADESH,WEST GODAVARI,2012,91,91,130,86,4,52,1008,2313,3,"WEST GODAVARI, ANDHRA PRADESH, INDIA",16.63713765,81.58909666
8259,ASSAM,BARPETA,2012,34,21,98,225,18,42,214,225,3,"BARPETA, ASSAM, INDIA",26.34142215,91.01674328
8263,ASSAM,CACHAR,2012,72,0,94,175,13,13,573,475,3,"CACHAR, ASSAM, INDIA",24.75863995,92.88166476
8265,ASSAM,DARRANG,2012,36,3,88,191,9,16,160,300,3,"DARRANG, ASSAM, INDIA",26.75,92.5
8267,ASSAM,DHUBRI,2012,65,46,159,315,12,20,254,590,3,"DHUBRI, ASSAM, INDIA",26.01894625,89.94188952
8268,ASSAM,DIBRUGARH,2012,81,33,50,134,8,25,560,256,3,"DIBRUGARH, ASSAM, INDIA",27.4844597,94.9019447
8270,ASSAM,GOALPARA,2012,55,44,65,84,20,32,293,170,3,"GOALPARA, ASSAM, INDIA",26.1783623,90.6226683
8271,ASSAM,GOLAGHAT,2012,58,34,60,181,8,54,231,474,3,"GOLAGHAT, ASSAM, INDIA",26.40490095,94.03209112
8275,ASSAM,JORHAT,2012,36,36,42,106,3,41,435,332,3,"JORHAT, ASSAM, INDIA",26.7577925,94.2079645
8276,ASSAM,KAMRUP,2012,48,11,54,121,14,22,361,173,3,"KAMRUP, ASSAM, INDIA",26.14688605,91.22273973
8279,ASSAM,KOKRAJHAR,2012,110,42,27,90,4,6,220,97,3,"KOKRAJHAR, ASSAM, INDIA",26.58687695,90.29293105
8280,ASSAM,LAKHIMPUR,2012,37,10,62,128,6,15,184,86,3,"LAKHIMPUR, ASSAM, INDIA",27.0827158,93.9978423
8286,ASSAM,SIBSAGAR,2012,71,60,78,168,5,32,427,282,3,"SIBSAGAR, ASSAM, INDIA",26.96388985,94.58213345
8287,ASSAM,SONITPUR,2012,91,41,97,241,14,34,464,341,3,"SONITPUR, ASSAM, INDIA",26.76777075,92.70140886
8288,ASSAM,TINSUKIA,2012,86,32,64,160,5,61,496,202,3,"TINSUKIA, ASSAM, INDIA",27.52016575,95.53063473
8291,BIHAR,ARARIA,2012,81,107,53,122,7,16,220,514,3,"ARARIA, BIHAR, INDIA",26.26498795,87.37162648
8293,BIHAR,AURANGABAD,2012,89,192,22,71,32,45,330,1148,3,"AURANGABAD, BIHAR, INDIA",24.786306,84.41448983
8295,BIHAR,BANKA,2012,76,35,17,52,15,24,136,787,3,"BANKA, BIHAR, INDIA",24.8655681,86.87278642
8296,BIHAR,BEGUSARAI,2012,120,261,11,143,14,53,425,1469,3,"BEGUSARAI, BIHAR, INDIA",25.5127194,86.09057109
8297,BIHAR,BETTIAH,2012,83,150,35,166,6,24,653,2392,3,"BETTIAH, BIHAR, INDIA",26.79107275,84.56010679
8299,BIHAR,BHAGALPUR,2012,99,77,31,132,9,51,360,762,3,"BHAGALPUR, BIHAR, INDIA",25.2871758,87.13033088
8300,BIHAR,BHOJPUR,2012,71,121,9,74,13,21,345,2188,3,"BHOJPUR, BIHAR, INDIA",25.25,84.25
8301,BIHAR,BUXAR,2012,56,110,21,89,13,36,306,345,3,"BUXAR, BIHAR, INDIA",25.5620715,84.01567205
8302,BIHAR,DARBHANGA,2012,78,407,44,207,9,46,460,1894,3,"DARBHANGA, BIHAR, INDIA",26.08314325,86.03257097
8303,BIHAR,GAYA,2012,153,39,35,154,39,46,687,772,3,"GAYA, BIHAR, INDIA",24.7964355,85.0079563
8304,BIHAR,GOPALGANJ,2012,103,37,20,135,13,17,274,2173,3,"GOPALGANJ, BIHAR, INDIA",26.4207265,84.37406407
8306,BIHAR,JAMUI,2012,79,137,27,56,15,34,149,482,3,"JAMUI, BIHAR, INDIA",24.96785205,86.17351147
8308,BIHAR,KATIHAR,2012,91,94,73,137,13,32,400,1662,3,"KATIHAR, BIHAR, INDIA",25.5591001,87.64745596
8310,BIHAR,KHAGARIA,2012,65,72,18,53,7,19,134,1151,3,"KHAGARIA, BIHAR, INDIA",25.4916868,86.69910848
8313,BIHAR,MADHEPURA,2012,56,130,31,77,10,37,203,1102,3,"MADHEPURA, BIHAR, INDIA",25.9259562,86.82042961
8314,BIHAR,MADHUBANI,2012,77,71,31,191,19,20,427,2109,3,"MADHUBANI, BIHAR, INDIA",26.350072,86.22914689
8319,BIHAR,NALANDA,2012,114,75,11,113,6,16,269,2540,3,"NALANDA, BIHAR, INDIA",25.1364914,85.44365465
8321,BIHAR,NAWADAH,2012,82,30,18,89,5,18,187,602,3,"NAWADAH, BIHAR, INDIA",24.8858896,85.5481255
8324,BIHAR,PURNEA,2012,97,228,39,142,16,17,171,2014,3,"PURNEA, BIHAR, INDIA",25.7773601,87.4731227
8325,BIHAR,ROHTAS,2012,132,214,26,130,23,34,583,593,3,"ROHTAS, BIHAR, INDIA",24.6723487,83.92090397
8326,BIHAR,SAHARSA,2012,53,198,16,95,1,35,194,303,3,"SAHARSA, BIHAR, INDIA",25.83264165,86.61489283
8327,BIHAR,SAMASTIPUR,2012,99,241,24,131,7,38,351,428,3,"SAMASTIPUR, BIHAR, INDIA",25.7744929,85.86626813
8328,BIHAR,SARAN,2012,128,289,23,178,17,37,651,734,3,"SARAN, BIHAR, INDIA",25.90835495,84.78074761
8331,BIHAR,SITAMARHI,2012,97,35,20,167,27,41,482,2047,3,"SITAMARHI, BIHAR, INDIA",26.666667,85.5
8332,BIHAR,SIWAN,2012,112,55,20,193,8,33,430,75,3,"SIWAN, BIHAR, INDIA",26.1310043,84.39125661
8333,BIHAR,SUPAUL,2012,31,9,20,118,8,14,233,1243,3,"SUPAUL, BIHAR, INDIA",26.2768118,86.79658663
8334,BIHAR,VAISHALI,2012,122,153,20,223,14,80,825,2088,3,"VAISHALI, BIHAR, INDIA",25.95322565,85.1445776
8340,CHHATTISGARH,BILASPUR,2012,74,42,47,33,7,65,484,1612,3,"BILASPUR, CHHATTISGARH, INDIA",21.98934025,82.10996499
8344,CHHATTISGARH,DURG,2012,52,44,91,55,1,32,793,165,3,"DURG, CHHATTISGARH, INDIA",21.1982964,81.40079216
8358,CHHATTISGARH,RAIGARH,2012,61,41,69,15,2,51,430,659,3,"RAIGARH, CHHATTISGARH, INDIA",22.5,83.5
8359,CHHATTISGARH,RAIPUR,2012,56,46,111,22,3,46,1238,2599,3,"RAIPUR, CHHATTISGARH, INDIA",21.2380912,81.6336993
8376,GUJARAT,DAHOD,2012,34,13,10,72,38,51,202,353,3,"DAHOD, GUJARAT, INDIA",22.8358786,74.2556823
8387,GUJARAT,PALANPUR,2012,44,32,49,118,23,48,433,462,3,"PALANPUR, GUJARAT, INDIA",24.1709794,72.4366375
8393,GUJARAT,SURAT COMMR.,2012,98,26,40,91,6,68,1886,441,3,"SURAT COMMR., GUJARAT, INDIA",23,71.75
8405,HARYANA,BHIWANI,2012,81,48,28,109,8,52,701,267,3,"BHIWANI, HARYANA, INDIA",28.7931703,76.1391283
8406,HARYANA,FARIDABAD,2012,72,50,47,103,10,34,1819,163,3,"FARIDABAD, HARYANA, INDIA",28.4031478,77.3105561
8409,HARYANA,GURGAON,2012,82,66,44,56,34,84,3529,114,3,"GURGAON, HARYANA, INDIA",28.42826235,77.00270015
8410,HARYANA,HISSAR,2012,76,67,44,114,6,42,1115,286,3,"HISSAR, HARYANA, INDIA",29.7228935,76.3761086
8414,HARYANA,KARNAL,2012,59,60,63,103,8,43,1045,219,3,"KARNAL, HARYANA, INDIA",29.6803266,76.9896254
8422,HARYANA,ROHTAK,2012,60,63,37,35,8,47,759,174,3,"ROHTAK, HARYANA, INDIA",28.9010899,76.5801935
8424,HARYANA,SONIPAT,2012,86,67,32,62,12,47,817,183,3,"SONIPAT, HARYANA, INDIA",28.9953758,77.0233627
8475,JHARKHAND,CHAIBASA,2012,144,49,34,15,11,20,140,15,3,"CHAIBASA, JHARKHAND, INDIA",22.5483518,85.81888765
8477,JHARKHAND,DEOGHAR,2012,58,101,38,48,16,25,238,536,3,"DEOGHAR, JHARKHAND, INDIA",24.4766423,86.60673245
8478,JHARKHAND,DHANBAD,2012,69,18,41,121,46,44,906,201,3,"DHANBAD, JHARKHAND, INDIA",23.7952809,86.4309638
8481,JHARKHAND,GARHWA,2012,85,44,43,24,4,38,91,536,3,"GARHWA, JHARKHAND, INDIA",24.15529035,83.82522584
8482,JHARKHAND,GIRIDIH,2012,72,92,37,53,23,31,453,2,3,"GIRIDIH, JHARKHAND, INDIA",24.1608897,86.25113503
8484,JHARKHAND,GUMLA,2012,192,45,36,55,5,25,119,155,3,"GUMLA, JHARKHAND, INDIA",23.0916741,84.57384807
8486,JHARKHAND,JAMSHEDPUR,2012,85,25,56,98,9,40,979,679,3,"JAMSHEDPUR, JHARKHAND, INDIA",22.8015194,86.2029579
8494,JHARKHAND,PALAMU,2012,70,61,26,57,22,42,245,479,3,"PALAMU, JHARKHAND, INDIA",23.916667,84.083333
8496,JHARKHAND,RANCHI,2012,145,77,52,76,40,54,566,347,3,"RANCHI, JHARKHAND, INDIA",23.3700501,85.3250387
8497,JHARKHAND,SAHEBGANJ,2012,57,44,65,71,3,4,135,313,3,"SAHEBGANJ, JHARKHAND, INDIA",25.244263,87.6348084
8503,KARNATAKA,BANGALORE RURAL,2012,93,57,31,53,26,113,648,668,3,"BANGALORE RURAL, KARNATAKA, INDIA",13.0010872,77.3361225
8504,KARNATAKA,BELGAUM,2012,142,120,37,54,7,80,428,888,3,"BELGAUM, KARNATAKA, INDIA",15.8572666,74.5069343
8517,KARNATAKA,GULBARGA,2012,82,87,29,53,12,63,313,702,3,"GULBARGA, KARNATAKA, INDIA",17.166667,77.083333
8518,KARNATAKA,HASSAN,2012,77,80,21,26,11,72,322,1351,3,"HASSAN, KARNATAKA, INDIA",13.0070817,76.0992703
8524,KARNATAKA,MANDYA,2012,86,95,35,46,11,82,518,1321,3,"MANDYA, KARNATAKA, INDIA",12.5238888,76.8961961
8527,KARNATAKA,MYSORE RURAL,2012,78,37,28,67,4,30,331,960,3,"MYSORE RURAL, KARNATAKA, INDIA",14.66667,75.83333
8530,KARNATAKA,RAMANAGAR,2012,77,64,16,60,16,127,512,644,3,"RAMANAGAR, KARNATAKA, INDIA",16.811241,75.7114214
8531,KARNATAKA,SHIMOGA,2012,50,78,14,32,6,57,331,978,3,"SHIMOGA, KARNATAKA, INDIA",13.9326093,75.574978
8532,KARNATAKA,TUMKUR,2012,91,80,33,38,8,94,470,950,3,"TUMKUR, KARNATAKA, INDIA",13.3400771,77.1006208
8541,KERALA,KANNUR,2012,32,27,66,23,7,71,207,1442,3,"KANNUR, KERALA, INDIA",11.8763836,75.3737973
8542,KERALA,KASARGOD,2012,14,23,89,17,6,36,123,963,3,"KASARGOD, KERALA, INDIA",12.4914722,74.9877613
8545,KERALA,KOTTAYAM,2012,20,29,55,19,2,26,265,2090,3,"KOTTAYAM, KERALA, INDIA",9.6287383,76.64553257
8548,KERALA,MALAPPURAM,2012,16,26,97,10,4,33,253,969,3,"MALAPPURAM, KERALA, INDIA",11.10684475,76.1099551
8549,KERALA,PALAKKAD,2012,32,42,68,13,6,30,208,1534,3,"PALAKKAD, KERALA, INDIA",10.78736915,76.47421719
8555,KERALA,TRIVANDRUM RURAL,2012,42,49,97,18,8,48,313,1960,3,"TRIVANDRUM RURAL, KERALA, INDIA",8.6981873,76.81542345
8563,MADHYA PRADESH,BETUL,2012,75,26,118,12,0,7,226,245,3,"BETUL, MADHYA PRADESH, INDIA",21.8796162,77.87568125
8564,MADHYA PRADESH,BHIND,2012,64,80,49,27,6,87,292,1318,3,"BHIND, MADHYA PRADESH, INDIA",26.5,78.75
8568,MADHYA PRADESH,CHHATARPUR,2012,50,60,62,39,2,40,240,403,3,"CHHATARPUR, MADHYA PRADESH, INDIA",24.75,79.75
8569,MADHYA PRADESH,CHHINDWARA,2012,61,33,122,21,1,31,234,1920,3,"CHHINDWARA, MADHYA PRADESH, INDIA",22.13983105,78.80964495
8570,MADHYA PRADESH,DAMOH,2012,51,47,50,32,0,18,149,1314,3,"DAMOH, MADHYA PRADESH, INDIA",23.75,79.583333
8572,MADHYA PRADESH,DEWAS,2012,62,55,70,31,3,26,508,370,3,"DEWAS, MADHYA PRADESH, INDIA",23,76.166667
8573,MADHYA PRADESH,DHAR,2012,61,53,81,49,4,14,499,550,3,"DHAR, MADHYA PRADESH, INDIA",22.5,75.25
8575,MADHYA PRADESH,GUNA,2012,44,45,60,28,4,26,317,645,3,"GUNA, MADHYA PRADESH, INDIA",24.5,77.5
8581,MADHYA PRADESH,JABALPUR,2012,98,129,127,51,0,99,843,3317,3,"JABALPUR, MADHYA PRADESH, INDIA",23.1608938,79.9497702
8589,MADHYA PRADESH,MORENA,2012,53,110,32,35,15,54,382,1886,3,"MORENA, MADHYA PRADESH, INDIA",26.166667,77.5
8590,MADHYA PRADESH,NARSINGHPUR,2012,46,47,71,16,0,16,159,1451,3,"NARSINGHPUR, MADHYA PRADESH, INDIA",22.9467047,79.1980228
8593,MADHYA PRADESH,RAISEN,2012,54,42,92,21,1,20,214,1921,3,"RAISEN, MADHYA PRADESH, INDIA",23.25,78.083333
8594,MADHYA PRADESH,RAJGARH,2012,36,40,90,52,2,26,342,327,3,"RAJGARH, MADHYA PRADESH, INDIA",23.87167135,76.7748902
8595,MADHYA PRADESH,RATLAM,2012,37,55,72,28,1,26,330,858,3,"RATLAM, MADHYA PRADESH, INDIA",23.502187,74.95397841
8596,MADHYA PRADESH,REWA,2012,54,44,92,44,8,44,506,730,3,"REWA, MADHYA PRADESH, INDIA",24.756718,81.65493469
8597,MADHYA PRADESH,SAGAR,2012,83,89,125,63,1,64,454,2607,3,"SAGAR, MADHYA PRADESH, INDIA",23.80961225,78.75911361
8598,MADHYA PRADESH,SATNA,2012,72,38,89,29,5,40,495,942,3,"SATNA, MADHYA PRADESH, INDIA",24.5,81
8601,MADHYA PRADESH,SHAJAPUR,2012,39,44,67,18,4,18,323,1408,3,"SHAJAPUR, MADHYA PRADESH, INDIA",23.37074105,76.62051527
8603,MADHYA PRADESH,SHIVPURI,2012,61,54,104,29,7,39,243,987,3,"SHIVPURI, MADHYA PRADESH, INDIA",25.37524125,77.82811933
8608,MADHYA PRADESH,UJJAIN,2012,55,193,73,36,4,73,1079,281,3,"UJJAIN, MADHYA PRADESH, INDIA",23.1885131,75.7716562
8610,MADHYA PRADESH,VIDISHA,2012,58,62,94,25,2,24,301,764,3,"VIDISHA, MADHYA PRADESH, INDIA",23.5225788,77.8148001
8615,MAHARASHTRA,AMRAVATI RURAL,2012,63,56,64,17,9,39,841,856,3,"AMRAVATI RURAL, MAHARASHTRA, INDIA",20.5347269,76.1709045
8616,MAHARASHTRA,AURANGABAD COMMR.,2012,46,55,23,25,25,178,822,460,3,"AURANGABAD COMMR., MAHARASHTRA, INDIA",19.5,76
8617,MAHARASHTRA,AURANGABAD RURAL,2012,74,49,25,16,16,45,540,833,3,"AURANGABAD RURAL, MAHARASHTRA, INDIA",19.8993677,75.3530128
8618,MAHARASHTRA,BEED,2012,84,71,42,50,32,70,521,886,3,"BEED, MAHARASHTRA, INDIA",18.9918442,75.909784
8622,MAHARASHTRA,DHULE,2012,50,39,30,18,51,54,320,298,3,"DHULE, MAHARASHTRA, INDIA",21.13170235,74.48990147
8626,MAHARASHTRA,JALGAON,2012,102,77,45,43,38,81,882,699,3,"JALGAON, MAHARASHTRA, INDIA",20.84288265,75.52612464
8627,MAHARASHTRA,JALNA,2012,45,69,25,25,19,71,396,565,3,"JALNA, MAHARASHTRA, INDIA",19.91883295,75.87085986
8628,MAHARASHTRA,KOLHAPUR,2012,63,39,48,45,11,62,824,536,3,"KOLHAPUR, MAHARASHTRA, INDIA",16.7028412,74.2405329
8629,MAHARASHTRA,LATUR,2012,67,63,21,32,21,39,403,578,3,"LATUR, MAHARASHTRA, INDIA",18.35159075,76.75542361
8631,MAHARASHTRA,MUMBAI RLY.,2012,8,3,1,7,1,423,1635,60,3,"MUMBAI RLY., MAHARASHTRA, INDIA",19.5,76
8635,MAHARASHTRA,NANDED,2012,81,57,48,37,18,47,476,963,3,"NANDED, MAHARASHTRA, INDIA",19.09400875,77.48319215
8638,MAHARASHTRA,NASIK RURAL,2012,87,63,46,29,33,91,611,734,3,"NASIK RURAL, MAHARASHTRA, INDIA",19.5,76
8639,MAHARASHTRA,NAVI MUMBAI,2012,57,20,36,19,6,417,1513,404,3,"NAVI MUMBAI, MAHARASHTRA, INDIA",19.0308262,73.0198537
8640,MAHARASHTRA,OSMANABAD,2012,54,31,38,31,16,23,319,603,3,"OSMANABAD, MAHARASHTRA, INDIA",18.28224535,76.0588166
8641,MAHARASHTRA,PARBHANI,2012,34,63,28,31,25,65,377,863,3,"PARBHANI, MAHARASHTRA, INDIA",19.29031365,76.60290343
8648,MAHARASHTRA,SATARA,2012,65,48,43,36,51,208,1111,527,3,"SATARA, MAHARASHTRA, INDIA",17.63612885,74.29827808
8651,MAHARASHTRA,SOLAPUR RURAL,2012,92,52,67,38,15,60,846,655,3,"SOLAPUR RURAL, MAHARASHTRA, INDIA",19.5,76
8656,MAHARASHTRA,YAVATMAL,2012,71,71,64,65,10,94,959,1064,3,"YAVATMAL, MAHARASHTRA, INDIA",20.32570375,78.11691397
8698,ODISHA,ANGUL,2012,65,63,63,59,16,104,535,27,3,"ANGUL, ODISHA, INDIA",20.8382426,85.0973949
8699,ODISHA,BALASORE,2012,75,51,87,140,26,62,434,1720,3,"BALASORE, ODISHA, INDIA",21.5002888,86.9202627
8700,ODISHA,BARAGARH,2012,33,90,35,36,14,68,176,72,3,"BARAGARH, ODISHA, INDIA",21.3335004,83.6190492
8703,ODISHA,BOLANGIR,2012,44,71,51,42,20,45,202,0,3,"BOLANGIR, ODISHA, INDIA",20.7502257,83.2499464
8706,ODISHA,DCP BBSR,2012,46,72,56,91,19,81,1376,726,3,"DCP BBSR, ODISHA, INDIA",20.27241,85.83385
8709,ODISHA,DHENKANAL,2012,47,109,29,41,11,76,269,35,3,"DHENKANAL, ODISHA, INDIA",20.75,85.5
8711,ODISHA,GANJAM,2012,86,259,53,67,18,75,205,315,3,"GANJAM, ODISHA, INDIA",19.4129711,85.04710406
8712,ODISHA,JAGATSINGHPUR,2012,37,27,43,57,28,83,368,201,3,"JAGATSINGHPUR, ODISHA, INDIA",20.2593872,86.1660878
8713,ODISHA,JAJPUR,2012,78,27,49,63,24,51,424,872,3,"JAJPUR, ODISHA, INDIA",20.8522696,86.3385714
8715,ODISHA,KALAHANDI,2012,37,44,65,47,10,34,105,437,3,"KALAHANDI, ODISHA, INDIA",19.75,83
8718,ODISHA,KEONJHAR,2012,97,83,102,74,8,38,307,581,3,"KEONJHAR, ODISHA, INDIA",21.5,85.5
8720,ODISHA,KORAPUT,2012,55,50,73,36,18,48,143,0,3,"KORAPUT, ODISHA, INDIA",18.7232023,82.60811828
8722,ODISHA,MAYURBHANJ,2012,80,60,86,67,25,37,236,107,3,"MAYURBHANJ, ODISHA, INDIA",21.75,86.5
8723,ODISHA,NAYAGARH,2012,38,99,25,43,12,40,148,417,3,"NAYAGARH, ODISHA, INDIA",20.1160666,85.11195644
8726,ODISHA,PURI,2012,61,67,42,55,12,114,460,177,3,"PURI, ODISHA, INDIA",19.8076083,85.8252538
8728,ODISHA,ROURKELA,2012,80,48,65,23,13,30,444,171,3,"ROURKELA, ODISHA, INDIA",22.2539994,84.85775201
8729,ODISHA,SAMBALPUR,2012,54,54,57,34,0,113,426,248,3,"SAMBALPUR, ODISHA, INDIA",21.4706422,83.9836858
8741,PUNJAB,CP LUDHIANA,2012,79,78,69,123,2,19,504,194,3,"CP LUDHIANA, PUNJAB, INDIA",30.90015,75.85229
8764,RAJASTHAN,AJMER,2012,38,36,70,107,1,17,630,236,3,"AJMER, RAJASTHAN, INDIA",26.4691,74.639
8767,RAJASTHAN,BARAN,2012,45,43,69,84,0,4,322,366,3,"BARAN, RAJASTHAN, INDIA",24.92077465,76.68218371
8769,RAJASTHAN,BHARATPUR,2012,91,77,108,212,1,41,1466,92,3,"BHARATPUR, RAJASTHAN, INDIA",27.2154447,77.4986962
8773,RAJASTHAN,CHITTORGARH,2012,38,25,59,96,0,18,431,845,3,"CHITTORGARH, RAJASTHAN, INDIA",24.8837157,74.6244155
8776,RAJASTHAN,DHOLPUR,2012,50,68,32,79,1,13,346,1290,3,"DHOLPUR, RAJASTHAN, INDIA",26.7010642,77.896749
8780,RAJASTHAN,GANGANAGAR,2012,51,66,77,79,0,3,311,691,3,"GANGANAGAR, RAJASTHAN, INDIA",29.5,74
8781,RAJASTHAN,HANUMANGARH,2012,49,58,92,63,1,5,230,276,3,"HANUMANGARH, RAJASTHAN, INDIA",29.5760254,74.3342203
8782,RAJASTHAN,JAIPUR EAST,2012,21,24,41,61,2,126,2510,57,3,"JAIPUR EAST, RAJASTHAN, INDIA",26.58333,73.83333
8789,RAJASTHAN,JHALAWAR,2012,47,44,81,91,0,10,337,766,3,"JHALAWAR, RAJASTHAN, INDIA",24.416667,76.25
8797,RAJASTHAN,NAGAUR,2012,49,58,53,129,1,7,343,84,3,"NAGAUR, RAJASTHAN, INDIA",27.0237969,74.2037201
8798,RAJASTHAN,PALI,2012,56,56,61,107,2,28,328,68,3,"PALI, RAJASTHAN, INDIA",25.6051226,73.41650555
8799,RAJASTHAN,PRATAPGARH,2012,29,27,137,80,0,7,129,536,3,"PRATAPGARH, RAJASTHAN, INDIA",24.0333495,74.7801315
8805,RAJASTHAN,UDAIPUR,2012,76,80,149,190,1,59,787,1518,3,"UDAIPUR, RAJASTHAN, INDIA",24.578721,73.6862571
8817,TAMIL NADU,CUDDALORE,2012,70,120,40,152,7,44,518,1384,3,"CUDDALORE, TAMIL NADU, INDIA",11.7564329,79.7634644
8819,TAMIL NADU,DINDIGUL,2012,74,89,16,97,1,60,203,606,3,"DINDIGUL, TAMIL NADU, INDIA",10.3303299,78.06739791
8821,TAMIL NADU,KANCHIPURAM,2012,76,113,19,17,1,22,548,641,3,"KANCHIPURAM, TAMIL NADU, INDIA",12.9647163,79.9839686
8822,TAMIL NADU,KANYAKUMARI,2012,53,110,12,33,6,86,240,740,3,"KANYAKUMARI, TAMIL NADU, INDIA",8.079252,77.5499338
8825,TAMIL NADU,MADURAI RURAL,2012,76,142,30,83,7,121,370,632,3,"MADURAI RURAL, TAMIL NADU, INDIA",11,78.33333
8833,TAMIL NADU,SALEM RURAL,2012,60,40,36,79,0,26,204,1418,3,"SALEM RURAL, TAMIL NADU, INDIA",11,78.33333
8836,TAMIL NADU,THANJAVUR,2012,62,97,14,57,4,100,420,894,3,"THANJAVUR, TAMIL NADU, INDIA",10.7860267,79.1381497
8838,TAMIL NADU,THIRUNELVELI RURAL,2012,88,288,44,52,1,103,230,1061,3,"THIRUNELVELI RURAL, TAMIL NADU, INDIA",11,78.33333
8843,TAMIL NADU,THOOTHUGUDI,2012,85,208,26,41,3,78,248,686,3,"THOOTHUGUDI, TAMIL NADU, INDIA",8.7642,78.1348
8844,TAMIL NADU,TIRUPPUR,2012,63,83,8,51,6,131,554,645,3,"TIRUPPUR, TAMIL NADU, INDIA",11.1017815,77.345192
8848,TAMIL NADU,VELLORE,2012,76,82,24,76,6,40,489,789,3,"VELLORE, TAMIL NADU, INDIA",12.7948109,79.0006411
8849,TAMIL NADU,VILLUPURAM,2012,100,211,78,202,7,51,601,1326,3,"VILLUPURAM, TAMIL NADU, INDIA",11.9415377,79.4861469
8850,TAMIL NADU,VIRUDHUNAGAR,2012,62,97,23,39,3,51,264,552,3,"VIRUDHUNAGAR, TAMIL NADU, INDIA",9.5208936,77.8784564
8864,UTTAR PRADESH,ALLAHABAD,2012,115,114,52,223,4,55,1307,411,3,"ALLAHABAD, UTTAR PRADESH, INDIA",25.4381302,81.8338005
8867,UTTAR PRADESH,AZAMGARH,2012,73,88,19,121,1,59,240,328,3,"AZAMGARH, UTTAR PRADESH, INDIA",26.02269675,83.02887343
8868,UTTAR PRADESH,BADAUN,2012,108,136,24,107,3,40,218,315,3,"BADAUN, UTTAR PRADESH, INDIA",28.116667,78.983333
8869,UTTAR PRADESH,BAGHPAT,2012,80,93,18,80,3,46,260,134,3,"BAGHPAT, UTTAR PRADESH, INDIA",28.97240405,77.33315285
8874,UTTAR PRADESH,BARABANKI,2012,73,51,31,130,0,16,197,256,3,"BARABANKI, UTTAR PRADESH, INDIA",26.93823105,81.38609761
8875,UTTAR PRADESH,BAREILLY,2012,114,151,86,265,3,68,762,795,3,"BAREILLY, UTTAR PRADESH, INDIA",28.416667,79.383333
8877,UTTAR PRADESH,BHIM NAGAR,2012,77,96,23,93,7,43,279,121,3,"BHIM NAGAR, UTTAR PRADESH, INDIA",28.6791175,77.4170371
8878,UTTAR PRADESH,BIJNOR,2012,89,67,43,160,4,56,357,5,3,"BIJNOR, UTTAR PRADESH, INDIA",29.40604895,78.4808784
8879,UTTAR PRADESH,BULANDSHAHAR,2012,140,144,46,188,6,61,526,14,3,"BULANDSHAHAR, UTTAR PRADESH, INDIA",28.5246712,77.5996529
8884,UTTAR PRADESH,ETAH,2012,73,115,22,110,9,37,389,235,3,"ETAH, UTTAR PRADESH, INDIA",27.5541146,78.6007864
8888,UTTAR PRADESH,FATEHPUR,2012,79,33,35,118,6,17,131,295,3,"FATEHPUR, UTTAR PRADESH, INDIA",25.8435395,80.91800397
8889,UTTAR PRADESH,FIROZABAD,2012,100,108,32,193,3,85,635,289,3,"FIROZABAD, UTTAR PRADESH, INDIA",27.17736635,78.38991198
8895,UTTAR PRADESH,GORAKHPUR,2012,98,136,52,232,14,69,971,410,3,"GORAKHPUR, UTTAR PRADESH, INDIA",26.6711433,83.36457244
8897,UTTAR PRADESH,HARDOI,2012,77,57,30,135,0,12,246,243,3,"HARDOI, UTTAR PRADESH, INDIA",27.33857665,80.09752646
8907,UTTAR PRADESH,KHIRI,2012,89,98,34,182,2,23,417,432,3,"KHIRI, UTTAR PRADESH, INDIA",27.25,80.75
8913,UTTAR PRADESH,MAINPURI,2012,81,84,15,139,7,56,404,196,3,"MAINPURI, UTTAR PRADESH, INDIA",27.2098219,79.04813701
8914,UTTAR PRADESH,MATHURA,2012,101,121,41,155,12,73,840,188,3,"MATHURA, UTTAR PRADESH, INDIA",27.633333,77.583333
8918,UTTAR PRADESH,MORADABAD,2012,90,84,36,162,14,95,842,88,3,"MORADABAD, UTTAR PRADESH, INDIA",28.8638424,78.80577833
8919,UTTAR PRADESH,MUZAFFARNAGAR,2012,126,134,27,217,5,62,594,28,3,"MUZAFFARNAGAR, UTTAR PRADESH, INDIA",29.44800635,77.74068503
8923,UTTAR PRADESH,PRATAPGARH,2012,57,81,36,116,2,43,238,361,3,"PRATAPGARH, UTTAR PRADESH, INDIA",25.75,81.75
8929,UTTAR PRADESH,SHAHJAHANPUR,2012,77,80,27,130,3,17,227,250,3,"SHAHJAHANPUR, UTTAR PRADESH, INDIA",27.91263315,79.74656295
8932,UTTAR PRADESH,SITAPUR,2012,96,81,49,241,3,32,405,219,3,"SITAPUR, UTTAR PRADESH, INDIA",27.5046392,80.82946583
8936,UTTAR PRADESH,UNNAO,2012,60,46,41,182,1,14,201,35,3,"UNNAO, UTTAR PRADESH, INDIA",26.57550365,80.61376178
8944,UTTARAKHAND,HARIDWAR,2012,74,54,47,106,11,67,619,390,3,"HARIDWAR, UTTARAKHAND, INDIA",29.9384473,78.1452985
8955,WEST BENGAL,ASANSOL,2012,60,25,36,77,15,75,947,93,3,"ASANSOL, WEST BENGAL, INDIA",23.6871297,86.9746587
8958,WEST BENGAL,BIRBHUM,2012,113,186,49,76,10,42,374,521,3,"BIRBHUM, WEST BENGAL, INDIA",24,87.583333
8959,WEST BENGAL,BKP CP,2012,89,49,36,214,16,48,1357,143,3,"BKP CP, WEST BENGAL, INDIA",24,88
8960,WEST BENGAL,BURDWAN,2012,91,167,58,99,6,41,470,578,3,"BURDWAN, WEST BENGAL, INDIA",23.2495714,87.8681751
8961,WEST BENGAL,COOCHBEHAR,2012,48,94,92,179,3,9,284,163,3,"COOCHBEHAR, WEST BENGAL, INDIA",26.3217218,89.46564724
8962,WEST BENGAL,DAKSHIN DINAJPUR,2012,53,238,66,142,1,3,252,221,3,"DAKSHIN DINAJPUR, WEST BENGAL, INDIA",25.38703085,88.50471505
8964,WEST BENGAL,HOOGHLY,2012,132,37,68,177,10,26,807,47,3,"HOOGHLY, WEST BENGAL, INDIA",22.9052114,88.3760639
8965,WEST BENGAL,HOWRAH,2012,67,32,56,132,14,36,439,194,3,"HOWRAH, WEST BENGAL, INDIA",22.5736296,88.3251045
8975,WEST BENGAL,PASCHIM MIDNAPUR,2012,88,86,64,115,13,37,582,210,3,"PASCHIM MIDNAPUR, WEST BENGAL, INDIA",22.42114,87.32257
8976,WEST BENGAL,PURAB MIDNAPUR,2012,82,5,65,196,10,28,450,16,3,"PURAB MIDNAPUR, WEST BENGAL, INDIA",22.42114,87.32257
8981,WEST BENGAL,UTTAR DINAJPUR,2012,110,283,92,306,13,29,435,1105,3,"UTTAR DINAJPUR, WEST BENGAL, INDIA",25.8707958,87.96259728
8995,DELHI UT,CENTRAL,2012,35,25,31,180,2,47,1403,133,3,"CENTRAL, DELHI UT, INDIA",22,79
9005,DELHI UT,NORTH-WEST,2012,60,37,64,357,6,65,1901,166,3,"NORTH-WEST, DELHI UT, INDIA",22,79
9007,DELHI UT,SOUTH,2012,39,19,70,245,2,52,2126,101,3,"SOUTH, DELHI UT, INDIA",22,79
9009,DELHI UT,SOUTH-WEST,2012,47,48,87,399,0,47,1171,131,3,"SOUTH-WEST, DELHI UT, INDIA",22,79
